Date,AAPL,MSFT,NVDA,GOOGL,JPM,BAC,GS,UNH,JNJ,LLY,XOM,CVX,SPY,BND
2021-09-07,152.83090209960938,288.09088134765625,22.562620162963867,142.92051696777344,140.48789978027344,36.559173583984375,363.4934387207031,385.85845947265625,149.86279296875,243.4936981201172,45.77984619140625,79.42998504638672,421.9483337402344,72.87811279296875
2021-09-08,151.289794921875,288.11968994140625,22.24104118347168,142.33656311035156,139.8614044189453,36.081382751464844,358.7804870605469,380.4999084472656,149.4975128173828,243.53189086914062,45.3602294921875,78.88166809082031,421.4343566894531,72.9966812133789
2021-09-09,150.27542114257812,285.2788391113281,22.07974624633789,142.18800354003906,140.47024536132812,36.214107513427734,358.40838623046875,379.73052978515625,146.16664123535156,229.3504180908203,45.39379119873047,78.56251525878906,419.6304931640625,73.25928497314453
2021-09-10,145.30105590820312,283.8009033203125,22.37942886352539,139.548095703125,138.85549926757812,35.63015365600586,357.4339599609375,371.2828063964844,145.2100067138672,228.8726043701172,45.301483154296875,78.61981201171875,416.3218994140625,73.08139038085938
2021-09-13,145.86676025390625,285.02935791015625,22.054853439331055,140.9908905029297,141.06146240234375,36.22294998168945,362.5543518066406,381.03582763671875,144.1924591064453,227.4009246826172,46.468013763427734,80.17469024658203,417.3873596191406,73.1915283203125
2021-09-14,144.4720001220703,287.7167053222656,22.14446449279785,141.20086669921875,138.59957885742188,35.249691009521484,357.6199951171875,379.2156982421875,143.32281494140625,222.74700927734375,45.805030822753906,78.72618865966797,415.1349182128906,73.36941528320312
2021-09-15,145.3595733642578,292.5441589355469,22.243032455444336,143.068115234375,139.56141662597656,35.51513671875,356.0785827636719,383.7933654785156,143.8620147705078,223.35862731933594,47.34920120239258,80.3956527709961,418.6024169921875,73.30166625976562
2021-09-16,145.1254425048828,292.9279479980469,22.14446449279785,142.25634765625,139.4996337890625,35.78940963745117,351.40997314453125,383.1683349609375,143.68809509277344,220.7879638671875,46.84565734863281,79.64278411865234,417.9388427734375,73.16609954833984
2021-09-17,142.46270751953125,287.7933654785156,21.8039608001709,139.47280883789062,139.13783264160156,35.83365249633789,346.78570556640625,386.22021484375,143.27935791015625,219.8897247314453,46.291778564453125,79.1844711303711,413.8676452636719,73.07292938232422
2021-09-20,139.41957092285156,282.44775390625,21.020416259765625,137.4119110107422,134.97291564941406,34.60380172729492,334.9770202636719,379.3627624511719,142.46185302734375,221.36134338378906,45.058101654052734,77.56413269042969,406.966796875,73.27627563476562
2021-09-21,139.8974609375,282.9275817871094,21.15283203125,137.7224884033203,134.9905242919922,34.621498107910156,332.94830322265625,379.0318298339844,143.0880126953125,219.95660400390625,45.016151428222656,77.62142944335938,406.58233642578125,73.25928497314453
2021-09-22,142.25787353515625,286.5553283691406,21.84478187561035,138.96119689941406,137.5759735107422,35.51513671875,341.4793395996094,375.6859436035156,142.566162109375,218.16957092285156,46.33373260498047,79.9046401977539,410.5484619140625,73.33551788330078
2021-09-23,143.21376037597656,287.495849609375,22.383411407470703,139.88490295410156,142.22625732421875,36.88654708862305,347.14007568359375,375.0700378417969,143.37493896484375,221.87741088867188,47.9030876159668,81.88505554199219,415.53668212890625,72.94585418701172
2021-09-24,143.30152893066406,287.29437255859375,21.984167098999023,140.87449645996094,143.86753845214844,37.28468704223633,346.24530029296875,374.1967468261719,142.9401397705078,221.39959716796875,48.33109664916992,82.32697296142578,416.2211608886719,72.79337310791016
2021-09-27,141.7897186279297,282.322998046875,21.565013885498047,139.7422637939453,147.34422302246094,38.27565002441406,354.18280029296875,372.53289794921875,141.9052276611328,216.35386657714844,49.766170501708984,84.26649475097656,415.03033447265625,72.70867919921875
2021-09-28,138.41493225097656,272.1019592285156,20.608230590820312,134.54965209960938,146.550048828125,38.18716812133789,345.0494689941406,366.4201965332031,141.5921630859375,211.766845703125,50.2864875793457,84.58563995361328,406.6667175292969,72.39520263671875
2021-09-29,139.312255859375,272.5625,20.427024841308594,133.0870819091797,146.43536376953125,38.107540130615234,340.96551513671875,368.0655822753906,142.64447021484375,220.13816833496094,50.25292205810547,84.56111145019531,407.3511657714844,72.40370178222656
2021-09-30,138.01504516601562,270.5663146972656,20.62515640258789,132.4159698486328,144.4411163330078,37.55897521972656,334.88836669921875,359.17669677734375,140.452880859375,220.7975616455078,49.36333465576172,83.0225830078125,402.3724060058594,72.38673400878906
2021-10-01,139.1366729736328,277.4571228027344,20.65104103088379,135.25595092773438,147.47657775878906,38.11638259887695,336.6335754394531,360.73016357421875,139.55712890625,219.40231323242188,51.134117126464844,85.37946319580078,407.1542053222656,72.63277435302734
2021-10-04,135.71311950683594,271.7083740234375,19.645471572875977,132.39964294433594,147.3177490234375,38.3464241027832,331.4511413574219,355.74798583984375,138.47000122070312,214.8726348876953,51.79710006713867,85.6986312866211,401.9035949707031,72.5819320678711
2021-10-05,137.63462829589844,277.13092041015625,20.36132049560547,134.7408447265625,149.72348022460938,39.12504959106445,341.7803955078125,361.6493835449219,138.78309631347656,220.6828155517578,51.71317672729492,86.63153839111328,406.08538818359375,72.40371704101562
2021-10-06,138.50271606445312,281.3056335449219,20.609224319458008,136.26832580566406,150.04307556152344,39.14272689819336,343.76483154296875,362.40313720703125,139.0701141357422,217.73951721191406,50.764854431152344,85.87049102783203,407.7731018066406,72.43769073486328
2021-10-07,139.7609405517578,282.9755554199219,20.982580184936523,137.91270446777344,150.992919921875,39.036556243896484,346.04150390625,372.0090637207031,140.31375122070312,222.83302307128906,50.90752029418945,86.4842529296875,411.2984924316406,72.23402404785156
2021-10-08,139.38055419921875,282.9755554199219,20.73965072631836,138.4678955078125,151.1082763671875,39.23120880126953,347.981689453125,375.46527099609375,139.9571533203125,223.55926513671875,52.18314743041992,88.42376708984375,410.5484619140625,72.0558853149414
2021-10-11,139.292724609375,282.3805236816406,20.604249954223633,137.6046142578125,147.93026733398438,38.735740661621094,341.2756652832031,372.27557373046875,139.3657684326172,223.30128479003906,51.66282653808594,87.67086029052734,407.576171875,71.9455795288086
2021-10-12,138.02476501464844,281.0849304199219,20.580352783203125,135.162841796875,146.7939910888672,38.52338409423828,342.4183349609375,370.6669616699219,137.1394500732422,222.4507598876953,51.39427947998047,87.6872329711914,406.5729675292969,72.2085952758789
2021-10-13,137.43954467773438,284.37677001953125,20.847179412841797,136.28515625,142.9235076904297,38.16947937011719,342.22344970703125,370.951904296875,138.45260620117188,225.94837951660156,51.25160598754883,88.21099090576172,408.03564453125,72.40371704101562
2021-10-14,140.21932983398438,290.55743408203125,21.650638580322266,139.82052612304688,145.1161651611328,39.877098083496094,346.555419921875,386.40399169921875,139.2440185546875,226.18728637695312,52.03208541870117,89.04571533203125,414.8990478515625,72.5309829711914
2021-10-15,141.27273559570312,291.9586486816406,21.766130447387695,140.0354461669922,147.90362548828125,41.027320861816406,359.7283630371094,393.4912109375,140.27896118164062,227.32447814941406,52.5272331237793,89.70039367675781,418.0588684082031,72.35279083251953
2021-10-18,142.94065856933594,294.9145812988281,22.124547958374023,141.43218994140625,147.85037231445312,40.94768524169922,366.478759765625,390.3199462890625,139.252685546875,228.3756866455078,52.50205612182617,89.65947723388672,419.2964782714844,72.31038665771484
2021-10-19,145.09620666503906,295.8167724609375,22.1922550201416,141.88685607910156,149.64356994628906,41.1246452331543,365.1234130859375,390.09930419921875,142.51402282714844,231.5579071044922,53.29092025756836,91.4107666015625,422.5314025878906,72.10677337646484
2021-10-20,145.58387756347656,295.02972412109375,22.006078720092773,140.4326934814453,151.65870666503906,41.66436767578125,361.34063720703125,399.9441833496094,142.4357452392578,232.9053192138672,53.584651947021484,92.60557556152344,424.1909484863281,72.02194213867188
2021-10-21,145.79844665527344,298.2448425292969,22.592493057250977,140.548583984375,150.46917724609375,41.434322357177734,361.0749206542969,406.55340576171875,142.10523986816406,230.46849060058594,52.61115264892578,91.44351196289062,425.29730224609375,71.92010498046875
2021-10-22,145.02793884277344,296.7093200683594,22.626340866088867,136.26979064941406,152.4932098388672,42.08905029296875,367.0369567871094,412.8775634765625,142.38357543945312,232.93405151367188,52.972023010253906,92.31097412109375,424.8566589355469,72.07283782958984
2021-10-25,144.97915649414062,295.72076416015625,23.064411163330078,136.1514434814453,151.7474822998047,42.03596878051758,367.4178771972656,413.180908203125,142.69667053222656,234.17633056640625,54.004268646240234,93.17024993896484,427.1350402832031,72.10677337646484
2021-10-26,145.64242553710938,297.62103271484375,24.608610153198242,137.9954071044922,152.15582275390625,42.434120178222656,369.951416015625,417.91497802734375,144.14903259277344,237.41590881347656,55.254722595214844,93.37482452392578,427.51947021484375,72.25101470947266
2021-10-27,145.18399047851562,310.15509033203125,24.343778610229492,144.8392333984375,148.98663330078125,41.6201286315918,364.0869445800781,416.84869384765625,142.40093994140625,239.0691375732422,53.819637298583984,91.71357727050781,425.62548828125,72.5140151977539
2021-10-28,148.81239318847656,311.2875061035156,24.831628799438477,144.47422790527344,151.23263549804688,42.27485656738281,367.47979736328125,418.6503601074219,141.62692260742188,242.10800170898438,53.97069549560547,92.57283782958984,429.7322998046875,72.42066955566406
2021-10-29,146.110595703125,318.2646789550781,25.45488166809082,146.65052795410156,150.8153533935547,42.27485656738281,366.1776123046875,423.2740173339844,141.65301513671875,243.45542907714844,54.10498046875,93.69400024414062,430.60430908203125,72.43769073486328
2021-11-01,145.29129028320312,316.1053771972656,25.7137393951416,142.14439392089844,150.73548889160156,42.3367919921875,369.1452941894531,417.427734375,141.7747802734375,238.24728393554688,55.0784797668457,93.72673034667969,431.3450012207031,72.38155364990234
2021-11-02,146.3251953125,319.71392822265625,26.285221099853516,144.06166076660156,151.33029174804688,42.36333465576172,375.47930908203125,415.52496337890625,144.00982666015625,245.45272827148438,54.39870071411133,93.15387725830078,433.0890197753906,72.51753997802734
2021-11-03,147.759033203125,320.5489196777344,26.48136329650879,145.2161865234375,151.38351440429688,42.79689025878906,370.20831298828125,420.3876647949219,143.5489044189453,254.4451904296875,53.65180206298828,92.48282623291016,435.7331237792969,72.39006805419922
2021-11-04,147.24203491210938,322.89068603515625,29.67031478881836,146.8699493408203,149.39500427246094,41.876712799072266,361.5001525878906,419.8637390136719,143.1488800048828,258.9748840332031,54.05461502075195,92.89200592041016,437.78643798828125,72.72146606445312
2021-11-05,147.7694854736328,322.5259704589844,29.621530532836914,147.4489288330078,149.18197631835938,41.55819320678711,360.623046875,418.99041748046875,142.13133239746094,253.24107360839844,54.56654739379883,93.89859008789062,439.305419921875,72.94241333007812
2021-11-08,146.9490203857422,323.4183654785156,30.668916702270508,147.62623596191406,150.0785369873047,41.885555267333984,361.7392883300781,425.2503356933594,141.64431762695312,248.9694061279297,55.154022216796875,94.23411560058594,439.68048095703125,72.78096771240234
2021-11-09,147.3103790283203,322.42034912109375,30.522560119628906,147.51480102539062,148.94224548339844,41.47855758666992,359.09051513671875,426.8405456542969,141.3312225341797,250.39334106445312,55.69110870361328,94.92971801757812,438.2272033691406,72.98490905761719
2021-11-10,144.48748779296875,317.477783203125,29.329809188842773,144.51829528808594,148.80026245117188,41.7882194519043,353.571533203125,422.75006103515625,142.86190795898438,252.90660095214844,54.59396743774414,93.41575622558594,434.70172119140625,72.49201965332031
2021-11-11,144.43861389160156,319.0421142578125,30.256729125976562,144.3925323486328,148.79139709472656,42.01827621459961,356.4241027832031,420.4428405761719,141.80960083007812,250.9762725830078,54.69602584838867,93.42393493652344,434.84234619140625,72.37306213378906
2021-11-12,146.50942993164062,323.1593322753906,30.256729125976562,147.27655029296875,148.1255645751953,41.50510025024414,358.70074462890625,421.91351318359375,143.5054473876953,248.9341583251953,54.279273986816406,93.48120880126953,438.1240234375,72.38155364990234
2021-11-15,146.51918029785156,322.5355529785156,29.89333152770996,147.05270385742188,147.85923767089844,41.628971099853516,358.6121520996094,414.3851623535156,142.2096405029297,247.7644805908203,54.7470588684082,95.60076141357422,438.2740783691406,72.08414459228516
2021-11-16,147.4960174560547,325.83709716796875,30.07054901123047,146.48211669921875,146.7939910888672,41.65550994873047,357.08843994140625,413.3004455566406,141.47036743164062,247.08384704589844,55.29988098144531,95.97721862792969,440.0086364746094,72.03316497802734
2021-11-17,149.92820739746094,326.05810546875,29.13268280029297,146.65150451660156,146.00387573242188,41.151180267333984,346.86541748046875,412.6845703125,142.00091552734375,250.40098571777344,54.69602584838867,95.54676055908203,438.9397888183594,72.18614959716797
2021-11-18,154.20654296875,328.1253967285156,31.53609848022461,148.4261016845703,144.7433624267578,40.983070373535156,346.70599365234375,413.1626281738281,141.23556518554688,250.5447540283203,54.100669860839844,94.74378204345703,440.43060302734375,72.27108001708984
2021-11-19,156.82437133789062,329.8945007324219,32.8403434753418,147.522705078125,142.85250854492188,40.1690788269043,343.18023681640625,404.4574890136719,141.6616973876953,249.94081115722656,51.60017776489258,92.6411361694336,439.6429748535156,72.424072265625
2021-11-22,157.28346252441406,326.74078369140625,31.815860748291016,144.92295837402344,145.89739990234375,40.94768524169922,350.9493713378906,402.19622802734375,139.79718017578125,249.69154357910156,52.314605712890625,94.29674530029297,438.4053039550781,72.06719207763672
2021-11-23,157.66441345214844,324.673583984375,31.606782913208008,144.40786743164062,149.38613891601562,42.02712631225586,359.967529296875,411.0116271972656,140.66378784179688,251.14881896972656,53.69243240356445,96.27523803710938,438.9866027832031,71.77828216552734
2021-11-24,158.18211364746094,324.8947448730469,32.53071212768555,144.74267578125,148.21435546875,42.14213943481445,353.63360595703125,413.796875,140.2698974609375,251.1871337890625,53.990108489990234,97.01200103759766,440.15869140625,71.94822692871094
2021-11-26,153.17120361328125,316.98175048828125,31.364852905273438,140.84275817871094,143.7490997314453,40.48760223388672,344.9519958496094,404.3747863769531,139.35946655273438,249.62440490722656,52.093475341796875,94.79345703125,430.34173583984375,72.45804595947266
2021-11-29,156.52162170410156,323.6640625,33.22964096069336,144.1587371826172,143.12767028808594,40.33719253540039,342.4272155761719,415.4881286621094,139.8409423828125,244.3130645751953,52.38264465332031,95.07489013671875,435.62060546875,72.4495620727539
2021-11-30,161.4641571044922,317.8567199707031,32.53269958496094,140.5599822998047,140.9971923828125,39.34623336791992,337.51055908203125,408.33660888671875,136.49703979492188,237.80328369140625,50.89427185058594,93.43582916259766,427.1444396972656,72.58553314208984
2021-12-01,160.94644165039062,317.36639404296875,31.30097770690918,139.72193908691406,140.1626739501953,38.788814544677734,335.27532958984375,408.4468994140625,138.3790740966797,238.84829711914062,50.85173797607422,92.79840087890625,422.4000549316406,72.63232421875
2021-12-02,159.95986938476562,316.7990417480469,31.989038467407227,141.61839294433594,143.10995483398438,39.909019470214844,345.1248779296875,409.9912414550781,137.51243591308594,237.64991760253906,52.11899185180664,95.3149642944336,428.86962890625,72.64083099365234
2021-12-03,158.08444213867188,310.56866455078125,30.562145233154297,140.66302490234375,140.5177764892578,39.00218963623047,340.8411865234375,414.3717956542969,139.51705932617188,235.44479370117188,51.78729248046875,94.71066284179688,425.13800048828125,72.92169189453125
2021-12-06,161.4837188720703,313.6261901855469,29.908939361572266,141.8056182861328,142.1778106689453,39.251121520996094,346.6921691894531,424.322509765625,142.63339233398438,236.1638946533203,52.374149322509766,96.19245147705078,430.1729431152344,72.72598266601562
2021-12-07,167.2077178955078,322.0199279785156,32.28874969482422,145.88136291503906,144.31724548339844,39.74897766113281,356.3190612792969,428.5831604003906,143.00103759765625,234.99420166015625,52.96098709106445,97.61629486083984,439.0710754394531,72.56425476074219
2021-12-08,171.0172119140625,322.0679931640625,31.6903133392334,146.78968811035156,142.66610717773438,39.260013580322266,353.8344421386719,432.3919982910156,143.85891723632812,234.23678588867188,53.11408233642578,98.0550537109375,440.2336730957031,72.34296417236328
2021-12-09,170.50929260253906,320.27001953125,30.360010147094727,146.2468719482422,142.44415283203125,39.55339431762695,353.09515380859375,436.5050964355469,145.2244873046875,232.8754119873047,53.25016403198242,97.79840850830078,437.2614440917969,72.37701416015625
2021-12-10,175.2857666015625,329.3464050292969,30.06925392150879,146.6064453125,141.87600708007812,39.580078125,348.259521484375,441.033203125,144.86557006835938,234.06427001953125,53.59036636352539,97.9639892578125,441.3775329589844,72.40251159667969
2021-12-13,171.661865234375,326.3272705078125,28.04094123840332,144.45193481445312,140.18931579589844,38.7443733215332,342.542236328125,440.9501647949219,147.45668029785156,238.27305603027344,52.41667175292969,95.92755889892578,437.4676818847656,72.64933013916016
2021-12-14,170.2846221923828,315.6933288574219,28.2161865234375,142.55050659179688,141.2635040283203,39.233341217041016,346.2647399902344,442.1674499511719,149.06736755371094,239.08798217773438,52.340126037597656,96.20902252197266,434.4578857421875,72.5301742553711
2021-12-15,175.13929748535156,321.76025390625,30.329139709472656,145.06063842773438,140.2070770263672,39.064422607421875,347.2353820800781,455.9270324707031,149.8114471435547,263.9190368652344,52.1104850769043,95.66264343261719,441.2462463378906,72.43656158447266
2021-12-16,168.2626495361328,312.38592529296875,28.265974044799805,143.0834503173828,142.39976501464844,40.006805419921875,353.8789367675781,454.5251770019531,151.44837951660156,267.5238952636719,52.19554138183594,96.55667877197266,437.355224609375,72.5301742553711
2021-12-17,167.16864013671875,311.3282470703125,27.68247413635254,140.3890838623047,139.15953063964844,39.01107406616211,340.0130310058594,449.231689453125,147.2641143798828,256.3834533691406,51.05585479736328,94.04013061523438,432.7005310058594,72.6578598022461
2021-12-20,165.81089782714844,307.58807373046875,27.60082244873047,140.272216796875,136.65621948242188,38.370967864990234,330.93817138671875,446.1053466796875,146.84393310546875,252.60604858398438,50.31591796875,94.08152770996094,428.0993347167969,72.53870391845703
2021-12-21,168.97573852539062,314.6838073730469,28.951045989990234,142.12014770507812,138.56480407714844,39.28667449951172,338.69500732421875,449.3146667480469,146.37123107910156,253.94827270507812,51.455596923828125,95.5881576538086,435.70196533203125,72.46208953857422
2021-12-22,171.56419372558594,320.3661804199219,29.274660110473633,145.0348663330078,139.10629272460938,39.366695404052734,340.4850158691406,455.6965026855469,147.00148010253906,255.50135803222656,51.87234878540039,96.1344985961914,440.0584716796875,72.53870391845703
2021-12-23,172.18936157226562,321.7987976074219,29.513635635375977,145.5316619873047,139.60340881347656,39.49116516113281,342.8984069824219,456.84930419921875,147.28164672851562,261.8291320800781,51.897865295410156,96.36630249023438,442.7964782714844,72.42852020263672
2021-12-27,176.14540100097656,329.2598876953125,30.81307029724121,146.5123291015625,140.4023895263672,39.6867561340332,345.570068359375,460.6488037109375,148.52467346191406,266.9200134277344,52.637794494628906,98.33650207519531,449.0630187988281,72.46271514892578
2021-12-28,175.1295166015625,328.1061096191406,30.192724227905273,145.3043212890625,140.82847595214844,39.74009704589844,345.18707275390625,463.8212585449219,149.11988830566406,265.0216064453125,52.46770095825195,98.14610290527344,448.6960144042969,72.45417785644531
2021-12-29,175.21742248535156,328.7791748046875,29.873096466064453,145.2726593017578,140.75746154785156,39.677860260009766,343.9314880371094,466.2558288574219,150.1703643798828,266.9294738769531,52.0084228515625,97.6411361694336,449.27008056640625,72.21509552001953
2021-12-30,174.06480407714844,326.25042724609375,29.45986557006836,144.82240295410156,140.68641662597656,39.58895492553711,343.32586669921875,465.1952819824219,150.83563232421875,265.8077697753906,51.70225143432617,97.21066284179688,448.02801513671875,72.3773193359375
2021-12-31,173.4494171142578,323.3660583496094,29.285606384277344,143.48663330078125,140.571044921875,39.55339431762695,340.6808776855469,463.08343505859375,149.7501678466797,264.8203430175781,52.04244613647461,97.1444320678711,446.89892578125,72.36026763916016
2022-01-03,177.78639221191406,321.85650634765625,29.992584228515625,143.62481689453125,143.54489135742188,41.055870056152344,352.0621643066406,463.2125244140625,150.1615753173828,260.51568603515625,54.04114532470703,98.72557830810547,449.4865417480469,71.87358093261719
2022-01-04,175.52999877929688,316.33758544921875,29.165130615234375,143.03839111328125,148.98663330078125,42.66503143310547,362.8824462890625,452.71771240234375,149.75897216796875,255.79867553710938,56.0738525390625,100.52193450927734,449.3359069824219,71.86503601074219
2022-01-05,170.8609161376953,304.1940612792969,27.486310958862305,136.47633361816406,146.26287841796875,41.94491195678711,355.0010070800781,451.6017761230469,150.75686645507812,249.8928680419922,56.7712516784668,101.17591857910156,440.70770263671875,71.61742401123047
2022-01-06,168.0086669921875,301.7902526855469,28.057865142822266,136.4490966796875,147.81678771972656,42.78950500488281,353.4870910644531,433.1204528808594,150.24038696289062,248.6273193359375,58.10655212402344,102.03685760498047,440.2936706542969,71.54060363769531
2022-01-07,168.17477416992188,301.9441223144531,27.13083267211914,135.72547912597656,149.2813720703125,43.72298812866211,354.00360107421875,422.9299621582031,152.27122497558594,248.7903289794922,58.58283233642578,103.50209045410156,438.55303955078125,71.3442153930664
2022-01-10,168.1942596435547,302.1653137207031,27.28318214416504,137.3623809814453,149.4242706298828,43.500732421875,355.4819030761719,428.83221435546875,151.5184326171875,249.3751220703125,58.234134674072266,103.56832122802734,438.0072937011719,71.28448486328125
2022-01-11,171.0172119140625,302.8480224609375,27.698408126831055,138.41885375976562,149.57608032226562,43.749664306640625,358.93731689453125,432.5210876464844,149.90777587890625,251.4939422607422,60.68357467651367,105.93588256835938,441.9967956542969,71.42961883544922
2022-01-12,171.45675659179688,306.01116943359375,27.87963104248047,140.09738159179688,150.42446899414062,43.43850326538086,347.5916442871094,436.8739013671875,148.62973022460938,245.3580780029297,60.50497055053711,105.40607452392578,443.19171142578125,71.40399932861328
2022-01-13,168.1942596435547,293.06005859375,26.461700439453125,137.2806854248047,150.2369384765625,43.34959411621094,348.0279541015625,431.07318115234375,147.72805786132812,239.36607360839844,60.07122039794922,104.9673080444336,437.0851745605469,71.52349853515625
2022-01-14,169.0538330078125,298.2520446777344,26.827138900756836,138.16578674316406,141.00283813476562,42.593910217285156,339.2471923828125,432.2351989746094,146.92274475097656,234.0450897216797,61.125850677490234,106.75541687011719,437.2639465332031,71.13078308105469
2022-01-18,165.85975646972656,290.9929504394531,25.79256820678711,134.71607971191406,135.0908966064453,41.12699508666992,315.6119079589844,425.1340637207031,146.27496337890625,236.8733367919922,62.154964447021484,107.10308837890625,429.5201110839844,70.6867904663086
2022-01-19,162.37258911132812,291.6465759277344,24.96013069152832,133.84288024902344,133.00111389160156,41.28702163696289,309.3067626953125,426.5450744628906,145.81973266601562,234.93670654296875,62.18046951293945,106.7140121459961,425.06024169921875,70.85755920410156
2022-01-20,160.69247436523438,289.9832458496094,24.04703712463379,132.05093383789062,131.86703491210938,40.673587799072266,310.00140380859375,426.9877014160156,144.655517578125,233.0959014892578,62.31654357910156,106.33323669433594,420.3556213378906,70.93440246582031
2022-01-21,158.6412353515625,284.6278991699219,23.274349212646484,129.12278747558594,129.56292724609375,39.935672760009766,306.2699890136719,425.300048828125,144.3228302001953,233.02880859375,61.38100814819336,105.05835723876953,412.1037292480469,71.1990737915039
2022-01-24,157.8695068359375,284.9547424316406,23.272354125976562,129.571044921875,129.44680786132812,39.60674285888672,305.806884765625,426.31451416015625,142.65968322753906,230.49777221679688,61.90833282470703,105.28189849853516,413.8538513183594,71.08808135986328
2022-01-25,156.07225036621094,277.3782653808594,22.228822708129883,125.73851013183594,130.8578338623047,40.38908767700195,304.168212890625,421.306884765625,146.73887634277344,229.57740783691406,63.7284049987793,109.76040649414062,408.8011474609375,70.99417877197266
2022-01-26,155.98434448242188,285.2816162109375,22.674915313720703,128.01486206054688,132.0991668701172,40.80694580078125,305.174560546875,422.7732238769531,147.3954620361328,228.0434112548828,63.082000732421875,109.84317016601562,407.7755432128906,70.60140991210938
2022-01-27,155.5252685546875,288.29107666015625,21.85044288635254,127.78901672363281,129.76834106445312,40.424652099609375,303.70513916015625,425.6966247558594,149.33001708984375,226.950439453125,63.88999938964844,112.06169891357422,405.7619934082031,70.8319320678711
2022-01-28,166.37744140625,296.38677978515625,22.742624282836914,132.0940399169922,130.92929077148438,40.7802734375,309.03070068359375,429.809814453125,150.38043212890625,234.984619140625,64.02607727050781,108.1213150024414,415.8392333984375,70.91731262207031
2022-01-31,170.7241668701172,299.0020446777344,24.381607055664062,134.0281219482422,132.70648193359375,41.02030563354492,315.8612976074219,435.8133544921875,150.81814575195312,235.26268005371094,64.60440063476562,108.71736145019531,423.32891845703125,70.86609649658203
2022-02-01,170.55812072753906,296.8675231933594,24.532960891723633,136.3465576171875,134.98370361328125,41.73154067993164,324.2146301269531,431.9769287109375,149.58387756347656,238.03341674804688,68.74636840820312,111.58158111572266,426.1893005371094,70.83786010742188
2022-02-02,171.75955200195312,301.386474609375,25.13438606262207,146.60494995117188,133.9031524658203,41.68708801269531,323.3240966796875,442.4626159667969,151.2383270263672,240.47813415527344,68.56778717041016,112.0948486328125,430.3293151855469,70.94050598144531
2022-02-03,168.88780212402344,289.64678955078125,23.84589958190918,141.74122619628906,132.7957305908203,41.27814483642578,319.6015625,450.7533874511719,151.2295684814453,234.70657348632812,67.76829528808594,111.09317779541016,420.2144775390625,70.64115905761719
2022-02-04,168.6041717529297,294.1561279296875,24.21531867980957,141.94229125976562,136.24288940429688,42.92285919189453,327.3671875,445.5888977050781,150.24038696289062,232.27139282226562,69.23967742919922,112.48391723632812,422.19036865234375,70.20500946044922
2022-02-07,167.8901824951172,289.3582763671875,24.622575759887695,137.88890075683594,136.69839477539062,43.12733840942383,327.85699462890625,446.0777282714844,149.74142456054688,233.49859619140625,70.07315826416016,114.6941909790039,420.83551025390625,70.2648696899414
2022-02-08,170.9905548095703,292.82928466796875,25.000959396362305,138.08502197265625,139.27032470703125,43.90080261230469,329.5935363769531,455.0324401855469,150.1353759765625,230.00881958007812,68.26161193847656,112.9474868774414,424.2980651855469,70.03398132324219
2022-02-09,172.40875244140625,299.22320556640625,26.59114646911621,140.25735473632812,139.85081481933594,43.811893463134766,333.5387268066406,459.3576354980469,150.1178436279297,233.23013305664062,67.934814453125,114.06501007080078,430.5082092285156,70.0853042602539
2022-02-10,168.34010314941406,290.7332763671875,25.71390151977539,137.3133544921875,139.27032470703125,43.60741424560547,330.0120849609375,448.8628234863281,148.30580139160156,229.74993896484375,67.28125,112.61637115478516,422.77374267578125,69.4438705444336
2022-02-11,164.93653869628906,283.6759948730469,23.84689712524414,133.01673889160156,137.45745849609375,42.602806091308594,323.3240966796875,440.94097900390625,146.80892944335938,226.01092529296875,68.97532653808594,114.90943145751953,414.43719482421875,69.89713287353516
2022-02-14,165.17124938964844,283.63751220703125,24.163541793823242,134.24853515625,136.18040466308594,42.15827941894531,320.8127136230469,437.5011291503906,144.9618682861328,225.9435577392578,67.91761779785156,113.13787841796875,413.0823059082031,69.50371551513672
2022-02-15,168.99537658691406,288.8968200683594,26.382038116455078,135.3208465576172,138.17189025878906,42.48723602294922,324.10772705078125,441.033203125,146.4587860107422,234.75250244140625,67.0662612915039,112.30975341796875,419.7440490722656,69.35835266113281
2022-02-16,168.7606658935547,288.55963134765625,26.39797019958496,136.439697265625,138.42193603515625,42.389434814453125,320.6435241699219,442.7115783691406,146.37123107910156,236.42764282226562,67.3758544921875,112.34320831298828,420.2144775390625,69.45243072509766
2022-02-17,165.17124938964844,280.1099548339844,24.402515411376953,131.28968811035156,135.23373413085938,40.958072662353516,310.8563232421875,433.7568359375,145.4783935546875,231.989501953125,67.27267456054688,111.7660140991211,411.23809814453125,69.60636901855469
2022-02-18,163.62591552734375,277.4122619628906,23.541208267211914,129.17381286621094,135.86785888671875,40.860286712646484,308.1668701171875,431.4235534667969,143.9189910888672,231.3540496826172,66.52452087402344,111.60708618164062,408.5752868652344,69.72608947753906
2022-02-22,160.71142578125,277.20989990234375,23.290281295776367,128.58987426757812,135.6267547607422,40.50466537475586,306.5906066894531,426.5358581542969,141.9631805419922,230.2180633544922,65.75059509277344,110.75381469726562,404.1906433105469,69.68331909179688
2022-02-23,156.55474853515625,270.0320739746094,22.291555404663086,126.3853530883789,132.78684997558594,39.81120681762695,303.8476867675781,423.87066650390625,142.03367614746094,229.42860412597656,66.01716613769531,113.38884735107422,397.0208435058594,69.33267974853516
2022-02-24,159.16610717773438,283.8289489746094,23.646751403808594,131.4402618408203,129.08963012695312,38.762149810791016,302.9571533203125,420.4306945800781,139.3202362060547,234.02084350585938,65.18304443359375,112.80331420898438,402.99566650390625,69.48661804199219
2022-02-25,161.229736328125,286.44964599609375,24.05401039123535,133.1920623779297,132.14382934570312,40.02458572387695,311.80029296875,438.74609375,146.2447967529297,241.50128173828125,66.93730163574219,117.42916870117188,411.88726806640625,69.54647827148438
2022-02-28,161.49383544921875,287.87554931640625,24.281038284301758,133.7839813232422,126.6337661743164,39.29557800292969,303.93670654296875,438.8567199707031,144.9849853515625,240.63478088378906,67.43605041503906,120.45734405517578,410.83349609375,70.05958557128906
2022-03-01,159.615966796875,284.17584228515625,23.376907348632812,132.79782104492188,121.8559799194336,37.75753402709961,294.00225830078125,439.2071228027344,144.4828338623047,240.20155334472656,68.08100891113281,125.24217987060547,404.5763854980469,70.42709350585938
2022-03-02,162.90220642089844,289.22442626953125,24.120851516723633,133.30303955078125,124.38328552246094,38.370967864990234,301.3299865722656,447.6271057128906,146.28004455566406,244.697509765625,69.25052642822266,128.9395751953125,412.0190124511719,69.56197357177734
2022-03-03,162.57943725585938,285.1103820800781,23.61692237854004,132.63735961914062,123.49919891357422,37.96001052856445,298.6783447265625,448.7429504394531,148.4296875,249.00096130371094,69.68907928466797,130.6794891357422,409.9678649902344,69.87031555175781
2022-03-04,159.58663940429688,279.271728515625,22.842105865478516,130.6631622314453,120.02519989013672,36.58420181274414,295.3191223144531,459.86492919921875,149.3106689453125,253.0733184814453,72.31187438964844,132.71221923828125,406.6369934082031,70.11873626708984
2022-03-07,155.80165100097656,268.7217712402344,21.26459312438965,125.18726348876953,115.39031219482422,34.2524528503418,288.34979248046875,449.00115966796875,151.7157745361328,251.88916015625,74.91749572753906,135.5479736328125,394.6496887207031,69.77608489990234
2022-03-08,153.98251342773438,265.7735290527344,21.42593002319336,125.90641784667969,114.5776596069336,34.47580337524414,287.8839416503906,436.6341857910156,148.64111328125,250.24281311035156,75.48505401611328,142.64991760253906,391.6576232910156,69.45062255859375
2022-03-09,159.37149047851562,277.96142578125,22.91978645324707,132.16236877441406,119.16792297363281,36.664608001708984,298.8306884765625,447.8022155761719,149.2049560546875,252.99630737304688,71.1939697265625,139.08641052246094,402.15826416015625,69.26215362548828
2022-03-10,155.03875732421875,275.15777587890625,22.565244674682617,131.18124389648438,117.75690460205078,36.33405685424805,295.525146484375,453.2157287597656,149.46925354003906,256.10589599609375,73.40399932861328,142.8925323486328,400.3422546386719,68.89385223388672
2022-03-11,151.3319854736328,269.83935546875,22.0095272064209,128.6463165283203,115.10455322265625,36.030303955078125,292.9273376464844,446.6300048828125,149.19615173339844,256.37548828125,73.02561950683594,142.95945739746094,395.251953125,68.8424301147461
2022-03-14,147.31224060058594,266.34197998046875,21.2426815032959,124.76377868652344,116.24765014648438,36.80754470825195,291.1178283691406,451.3010559082031,151.2576904296875,258.9748840332031,70.41143798828125,139.46278381347656,392.3632507324219,68.20858001708984
2022-03-15,151.68411254882812,276.6607971191406,22.878952026367188,127.98017120361328,118.31060028076172,37.0755615234375,294.86224365234375,460.5412902832031,155.17808532714844,265.1941223144531,66.40413665771484,132.40269470214844,400.99151611328125,68.31995391845703
2022-03-16,156.0852813720703,283.6362609863281,24.395719528198242,132.0242156982422,123.59738159179688,38.236961364746094,305.2536315917969,460.8650207519531,153.75088500976562,266.1376037597656,66.15475463867188,131.9259033203125,409.88311767578125,68.42269897460938
2022-03-17,157.09266662597656,284.4360046386719,24.664613723754883,132.5774383544922,125.16020965576172,38.44244384765625,307.50201416015625,468.967529296875,155.75955200195312,274.8695373535156,67.91761779785156,134.20956420898438,415.0112609863281,68.482666015625
2022-03-18,160.37884521484375,289.4557189941406,26.34470558166504,134.84239196777344,125.11558532714844,38.32630157470703,309.3921813964844,468.13507080078125,154.03277587890625,276.9201965332031,67.65103912353516,135.2886199951172,419.5567626953125,68.6796875
2022-03-21,161.74810791015625,288.2320556640625,26.624553680419922,134.81861877441406,124.71369934082031,38.272701263427734,303.6769714355469,469.5595397949219,154.90496826171875,278.8456726074219,70.68659210205078,137.72293090820312,419.43402099609375,67.97728729248047
2022-03-22,165.11256408691406,292.9530334472656,26.415416717529297,138.5496063232422,127.36602020263672,39.469825744628906,307.2690734863281,467.3951416015625,154.17376708984375,274.3977966308594,70.37702178955078,137.26280212402344,424.3420104980469,67.80597686767578
2022-03-23,166.47203063964844,288.550048828125,25.52906036376953,136.97210693359375,124.82978820800781,38.49604415893555,300.6401672363281,465.4620056152344,153.59231567382812,273.59869384765625,71.48634338378906,138.74342346191406,418.8771667480469,68.11433410644531
2022-03-24,170.2472686767578,292.99151611328125,28.034759521484375,140.23753356933594,125.64246368408203,38.47817611694336,301.195556640625,474.9242248535156,154.38519287109375,276.96832275390625,71.70133972167969,139.11148071289062,425.1914367675781,68.0287094116211
2022-03-25,170.8830108642578,292.5868835449219,27.578632354736328,140.3376007080078,126.74093627929688,39.06781005859375,302.3242492675781,474.5264892578125,155.86526489257812,278.2486877441406,73.26640319824219,141.62942504882812,427.2678527832031,67.42908477783203
2022-03-28,171.74371337890625,299.35052490234375,28.103479385375977,140.12216186523438,125.80319213867188,38.90700912475586,300.3624572753906,474.6837463378906,156.66696166992188,280.790283203125,71.21116638183594,139.1533203125,430.30712890625,67.62611389160156
2022-03-29,175.02989196777344,303.888427734375,28.538686752319336,141.16224670410156,126.08006286621094,38.808719635009766,304.2682189941406,472.39910888671875,156.5876922607422,277.64227294921875,70.83281707763672,137.45523071289062,435.6302795410156,67.92589569091797
2022-03-30,173.86602783203125,302.39508056640625,27.57663917541504,140.60060119628906,125.50851440429688,38.41564178466797,300.6222229003906,481.7319030761719,158.21751403808594,279.0863342285156,72.04530334472656,138.42555236816406,432.9404602050781,68.08008575439453
2022-03-31,170.7754364013672,297.0478210449219,27.174299240112305,137.75665283203125,121.7398681640625,36.825416564941406,295.7043151855469,471.6961364746094,156.1383819580078,275.6974792480469,71.02196502685547,136.20877075195312,426.2768859863281,68.1314926147461
2022-04-01,170.48199462890625,298.1173400878906,26.602643966674805,138.82945251464844,120.83787536621094,36.539527893066406,295.81182861328125,474.1194763183594,156.98414611816406,281.76275634765625,71.47773742675781,137.37156677246094,427.4850158691406,67.98379516601562
2022-04-04,174.52133178710938,303.4644470214844,27.24799346923828,141.6238250732422,121.37372589111328,36.47698211669922,294.0112609863281,471.7424011230469,155.46884155273438,280.55926513671875,71.51213836669922,137.4970245361328,431.1471252441406,68.03530883789062
2022-04-05,171.2155303955078,299.52398681640625,25.82484245300293,139.26580810546875,119.96124267578125,35.860557556152344,290.2040710449219,478.9014587402344,156.47312927246094,281.5894470214844,71.14237976074219,136.65219116210938,425.70111083984375,67.34834289550781
2022-04-06,168.05642700195312,288.55963134765625,24.307086944580078,135.26087951660156,118.296875,35.46745681762695,283.306396484375,491.8415222167969,160.54330444335938,294.44189453125,71.93350982666016,137.8650665283203,421.4443664550781,67.14227294921875
2022-04-07,168.35964965820312,290.3613586425781,24.108896255493164,134.60763549804688,117.93700408935547,35.190513610839844,281.4162902832031,496.65130615234375,160.1292724609375,296.935302734375,73.13743591308594,139.7806854248047,423.56805419921875,67.00487518310547
2022-04-08,166.3546905517578,286.1220397949219,23.024354934692383,132.03111267089844,120.0962142944336,35.44065475463867,287.90191650390625,504.9851989746094,160.44642639160156,300.07391357421875,74.67668914794922,142.1479949951172,422.4354553222656,66.64420318603516
2022-04-11,162.11000061035156,274.8397216796875,21.827281951904297,127.60919952392578,119.65535736083984,35.36919403076172,287.3375549316406,497.1044616699219,158.43775939941406,297.4456787109375,72.10549926757812,138.49249267578125,415.215087890625,66.33507537841797
2022-04-12,163.97802734375,271.7567138671875,21.41596794128418,126.51066589355469,118.34186553955078,34.99396514892578,286.4596252441406,493.6544494628906,158.49063110351562,296.598388671875,73.61038208007812,141.37841796875,413.67669677734375,66.54972076416016
2022-04-13,166.65785217285156,277.1136169433594,22.112106323242188,128.66961669921875,114.52726745605469,34.681278228759766,288.4215087890625,496.6975402832031,159.16015625,291.3900146484375,74.65089416503906,143.60354614257812,418.4146423339844,66.62703704833984
2022-04-14,161.6600799560547,269.6081237792969,21.17097282409668,125.53544616699219,113.4656753540039,33.564544677734375,288.1258239746094,494.6811218261719,158.49063110351562,290.6101379394531,75.5280532836914,143.53663635253906,413.2046203613281,66.17191314697266
2022-04-18,161.4449462890625,270.2729187011719,21.693828582763672,126.47301483154297,115.5708999633789,34.70808410644531,295.50726318359375,493.9967346191406,156.5172119140625,287.6835632324219,76.14720916748047,145.46060180664062,413.37457275390625,65.95724487304688
2022-04-19,163.7237091064453,274.87835693359375,22.10713005065918,128.78353881835938,117.96398162841797,35.35133361816406,300.9447326660156,497.34503173828125,161.2921905517578,285.9410095214844,75.46783447265625,143.73741149902344,420.0474853515625,65.54505157470703
2022-04-20,163.55746459960938,275.89959716796875,21.394058227539062,126.83309173583984,118.37785339355469,35.431732177734375,305.5223388671875,505.03125,162.00582885742188,282.0033874511719,75.63983154296875,144.32298278808594,419.7360534667969,65.95724487304688
2022-04-21,162.76528930664062,270.55230712890625,20.10037612915039,123.63799285888672,117.46017456054688,34.76169204711914,299.4666442871094,497.1044616699219,161.53887939453125,278.8167724609375,74.84008026123047,137.67271423339844,413.4595031738281,65.60514068603516
2022-04-22,158.23692321777344,264.0199890136719,19.435110092163086,118.5078125,114.08644104003906,33.55561447143555,286.4506530761719,481.8428649902344,159.93544006347656,268.34222412109375,73.20620727539062,134.63616943359375,402.114501953125,65.51927947998047
2022-04-25,159.3030242919922,270.4656677246094,19.820526123046875,121.91390991210938,114.05046081542969,33.31440353393555,287.9287414550781,484.92291259765625,163.87347412109375,274.5711669921875,70.73820495605469,131.7418670654297,404.4457702636719,65.93148803710938
2022-04-26,153.3565216064453,260.3492431640625,18.711088180541992,117.53160858154297,110.67671966552734,32.56395721435547,280.4936218261719,475.22027587890625,162.7017364501953,272.2893981933594,70.76400756835938,130.93881225585938,392.7326965332031,66.10322570800781
2022-04-27,153.131591796875,272.8742980957031,18.33961296081543,113.2171630859375,109.23725128173828,32.385284423828125,280.59210205078125,475.2479553222656,160.4287872314453,274.4651794433594,72.78484344482422,130.69622802734375,393.8370056152344,65.89712524414062
2022-04-28,160.04629516601562,279.05023193359375,19.701013565063477,117.40530395507812,110.96459197998047,32.88557052612305,285.2323913574219,485.0616455078125,161.62693786621094,286.19122314453125,74.98626708984375,135.33885192871094,403.78515625,65.87136840820312
2022-04-29,154.1878662109375,267.382568359375,18.471073150634766,113.03389739990234,107.38395690917969,31.87605094909668,273.6586608886719,470.3827209472656,158.98397827148438,281.24285888671875,73.30939483642578,131.05593872070312,388.86297607421875,65.4248275756836
2022-05-02,154.49107360839844,274.07867431640625,19.45303726196289,115.48408508300781,108.36457824707031,32.2869987487793,278.0748291015625,463.5380859375,157.38055419921875,278.7686462402344,74.30693817138672,133.63235473632812,391.2037353515625,65.09020233154297
2022-05-03,155.9776611328125,271.4867858886719,19.521751403808594,116.22801208496094,110.68569946289062,33.17145538330078,281.87310791015625,462.1229248046875,157.0722198486328,277.3341369628906,75.83761596679688,135.92442321777344,392.99700927734375,65.24504852294922
2022-05-04,162.37405395507812,279.3873291015625,20.250761032104492,121.10856628417969,114.34733581542969,34.50260925292969,290.33837890625,469.5225524902344,158.75491333007812,283.90960693359375,78.85598754882812,140.19061279296875,404.96490478515625,65.66656494140625
2022-05-05,153.32716369628906,267.21868896484375,18.76685905456543,115.40733337402344,111.48641204833984,33.537750244140625,280.4488220214844,457.5906982421875,155.7243194580078,281.4738464355469,77.66067504882812,139.07801818847656,390.5712890625,65.01276397705078
2022-05-06,154.05197143554688,264.6944580078125,18.59855079650879,114.65547943115234,111.30647277832031,33.45734405517578,280.35028076171875,462.1229248046875,155.38072204589844,285.8350830078125,78.84738159179688,142.78378295898438,388.24005126953125,64.73746490478516
2022-05-09,148.93914794921875,254.91517639160156,16.880613327026367,111.45046997070312,109.63311767578125,32.49248504638672,276.7043151855469,449.91357421875,156.2264862060547,278.4508972167969,72.63007354736328,133.21412658691406,375.8096008300781,65.02997589111328
2022-05-10,151.33885192871094,259.6554870605469,17.52297019958496,113.31669616699219,106.96110534667969,31.947507858276367,273.2734069824219,451.3843078613281,156.01502990722656,275.05255126953125,73.11161041259766,134.49398803710938,376.67791748046875,65.21924591064453
2022-05-11,143.49325561523438,251.03244018554688,16.561918258666992,112.53168487548828,106.2863540649414,31.77777862548828,270.129150390625,449.6638488769531,155.16928100585938,276.00555419921875,74.63369750976562,136.48487854003906,370.6940612792969,65.44290161132812
2022-05-12,139.63409423828125,246.0223846435547,16.108783721923828,111.78033447265625,106.19640350341797,31.331085205078125,268.2121276855469,442.865478515625,156.7021942138672,280.9251403808594,74.97252655029297,137.78146362304688,370.3069763183594,65.57196044921875
2022-05-13,144.0907440185547,251.5815887451172,17.63351821899414,114.95661926269531,107.14102935791016,31.420419692993164,275.0023193359375,448.9700927734375,155.80360412597656,281.70751953125,77.19648742675781,140.4248046875,379.16021728515625,65.33104705810547
2022-05-16,142.55296325683594,251.94766235351562,17.19332504272461,113.36624908447266,106.39430236816406,31.09879493713379,271.8222351074219,452.50347900390625,156.88720703125,289.19390869140625,79.01216888427734,144.72447204589844,377.62176513671875,65.4343032836914
2022-05-17,146.177001953125,257.07342529296875,18.10259246826172,115.37511444091797,109.92100524902344,32.15298843383789,280.35919189453125,455.5650329589844,157.5391387939453,291.1451721191406,80.01991271972656,145.57769775390625,385.3896179199219,65.04715728759766
2022-05-18,137.92979431152344,245.36892700195312,16.86865997314453,110.84474182128906,108.04071044921875,31.161344528198242,274.7694091796875,436.0024108886719,154.6142578125,285.14642333984375,78.75154113769531,141.7402801513672,369.8539733886719,65.32247924804688
2022-05-19,134.5310516357422,244.46115112304688,17.05390167236328,109.34352111816406,106.43928527832031,30.777185440063477,276.0862731933594,442.63427734375,153.23988342285156,276.52996826171875,79.17721557617188,140.72821044921875,367.5887756347656,65.46009063720703
2022-05-20,134.76609802246094,243.9010467529297,16.62565803527832,107.88143157958984,105.56660461425781,30.250080108642578,274.8321228027344,449.275390625,155.91812133789062,288.6819152832031,79.802734375,141.5378875732422,367.7492370605469,65.65798950195312
2022-05-23,140.17283630371094,251.71365356445312,16.82882308959961,110.4371109008789,112.09818267822266,32.0457878112793,283.6199035644531,455.14886474609375,159.1011962890625,292.30426025390625,81.56627655029297,144.8271026611328,374.62982177734375,65.42571258544922
2022-05-24,137.47926330566406,250.7189178466797,16.08786964416504,104.97112274169922,113.68161010742188,31.849252700805664,281.237060546875,460.217529296875,160.83905029296875,295.54998779296875,82.00933837890625,145.60302734375,371.77001953125,65.9590835571289
2022-05-25,137.63600158691406,253.51954650878906,16.9055118560791,104.80768585205078,114.47328186035156,32.01898956298828,282.08807373046875,460.7077941894531,159.2607879638672,296.56427001953125,83.65995025634766,147.93922424316406,375.0545349121094,66.22579956054688
2022-05-26,140.8291015625,256.78369140625,17.777921676635742,106.77645874023438,116.45256042480469,32.760498046875,289.9085388183594,464.5369873046875,159.11895751953125,302.7947998046875,83.95532989501953,148.93441772460938,382.5486755371094,66.15694427490234
2022-05-27,146.5688018798828,263.87200927734375,18.733991622924805,111.25780487060547,118.09896087646484,33.07318878173828,294.3426513671875,469.05078125,160.56419372558594,312.4739074707031,84.7806396484375,150.35975646972656,391.9398498535156,66.34622192382812
2022-05-31,145.78518676757812,262.5489501953125,18.595563888549805,112.6896743774414,118.96261596679688,33.23399353027344,294.5860595703125,459.4961242675781,159.18099975585938,302.7755432128906,83.39932250976562,147.3066864013672,389.7406921386719,65.96771240234375
2022-06-01,145.6578826904297,263.0802001953125,18.2450008392334,112.81844329833984,116.87540435791016,32.760498046875,290.0796203613281,455.58355712890625,157.56732177734375,300.49578857421875,84.997802734375,148.70669555664062,386.5883483886719,65.67289733886719
2022-06-02,148.1066131591797,265.1661071777344,19.511796951293945,116.51377868652344,118.7557144165039,32.97615051269531,292.24273681640625,455.3153381347656,157.07073974609375,292.14007568359375,84.85011291503906,148.43679809570312,393.9502868652344,65.73323822021484
2022-06-03,142.39627075195312,260.76239013671875,18.64336395263672,113.46133422851562,117.100341796875,32.51789474487305,287.2225646972656,449.1642761230469,156.4235382080078,291.3865966796875,86.08373260498047,149.7862548828125,387.4849853515625,65.63843536376953
2022-06-06,143.14060974121094,259.53594970703125,18.709091186523438,115.71934509277344,116.71347045898438,32.48195266723633,288.87188720703125,453.39141845703125,156.40576171875,293.03851318359375,85.86654663085938,149.13682556152344,388.6647644042969,65.25053405761719
2022-06-07,145.6578826904297,263.1573486328125,18.848522186279297,116.0452651977539,117.01937866210938,32.66166305541992,289.7731628417969,459.7920227050781,158.1259002685547,301.4810791015625,89.80195617675781,151.97903442382812,392.3929138183594,65.47467041015625
2022-06-08,144.9232940673828,261.1390380859375,18.575586318969727,116.0893325805664,115.15704345703125,32.24833679199219,283.6174011230469,456.489990234375,157.18601989746094,302.8238220214844,90.86181640625,152.76344299316406,388.1268005371094,65.2074203491211
2022-06-09,139.71246337890625,255.71173095703125,17.977916717529297,113.75306701660156,112.73694610595703,31.00836753845215,274.1899108886719,452.6977233886719,154.0207061767578,292.9322509765625,88.89847564697266,149.71875,378.8959655761719,65.12126159667969
2022-06-10,134.3155975341797,244.31631469726562,16.908090591430664,110.11368560791016,107.55490112304688,29.8043270111084,258.6877136230469,448.2579040527344,152.99215698242188,286.904541015625,87.27391815185547,147.93080139160156,367.9096374511719,64.56961059570312
2022-06-13,129.17332458496094,233.9541473388672,15.586238861083984,105.38964080810547,104.35206604003906,28.771018981933594,255.3529815673828,434.4485168457031,151.44937133789062,281.3694763183594,83.26901245117188,141.12466430664062,353.9407958984375,63.52660369873047
2022-06-14,130.03526306152344,236.1077117919922,15.774505615234375,105.7095947265625,102.61572265625,28.26783561706543,254.6499786376953,427.0950622558594,149.1263427734375,280.8961486816406,83.48619842529297,141.3101806640625,352.874267578125,63.18180847167969
2022-06-15,132.65045166015625,243.12843322753906,16.462825775146484,108.72986602783203,103.83028411865234,28.797971725463867,261.4366760253906,429.4814147949219,150.72235107421875,283.0213623046875,82.43501281738281,138.53541564941406,357.90496826171875,63.905887603759766
2022-06-16,127.39060974121094,236.57122802734375,15.54041862487793,105.03404235839844,102.0489501953125,28.61826515197754,256.84906005859375,423.36431884765625,150.8021240234375,278.2687683105469,79.39442443847656,131.13043212890625,346.0597839355469,64.04377746582031
2022-06-17,128.85989379882812,239.15936279296875,15.818334579467773,106.1335678100586,101.6890640258789,28.681161880493164,252.17138671875,419.6235046386719,150.25244140625,281.0023498535156,74.81615447998047,125.14237213134766,346.8057556152344,64.07827758789062
2022-06-21,133.0814208984375,245.04061889648438,16.501670837402344,110.4925765991211,104.20812225341797,29.51679229736328,256.6958923339844,445.8557434082031,153.4000244140625,287.2232971191406,79.47261810302734,130.37982177734375,355.53607177734375,63.78520965576172
2022-06-22,132.57212829589844,244.45150756835938,16.29647445678711,110.4366226196289,103.62332916259766,29.29216194152832,256.45257568359375,454.54412841796875,155.82061767578125,296.2551574707031,76.32774353027344,124.71221160888672,354.8915710449219,64.31100463867188
2022-06-23,135.43215942382812,249.9850311279297,16.161996841430664,111.18401336669922,102.48977661132812,28.824926376342773,257.921630859375,463.9472961425781,159.2962646484375,302.0799865722656,74.02559661865234,120.12419891357422,358.3703918457031,64.62130737304688
2022-06-24,138.75259399414062,258.5220031738281,17.05949592590332,116.86296844482422,105.54862213134766,29.03158950805664,272.8650207519531,460.07659912109375,161.628173828125,314.5411071777344,75.49375915527344,122.09771728515625,369.7643737792969,64.50064849853516
2022-06-27,138.75259399414062,255.8083038330078,16.803495407104492,114.74165344238281,104.70293426513672,29.067533493041992,271.0894775390625,469.37750244140625,161.4774169921875,316.1349182128906,77.34417724609375,124.45917510986328,368.3518981933594,64.19031524658203
2022-06-28,134.6192169189453,247.68666076660156,15.919939994812012,110.95172882080078,104.19914245605469,28.986663818359375,269.9267883300781,471.9581604003906,156.8845672607422,306.81329345703125,79.48998260498047,126.45805358886719,360.8254699707031,64.22479248046875
2022-06-29,136.37246704101562,251.33706665039062,15.481646537780762,110.64859008789062,103.73130798339844,28.62725067138672,273.3426818847656,478.70648193359375,156.92892456054688,312.01025390625,76.5536117553711,123.9615707397461,360.53155517578125,64.595458984375
2022-06-30,133.91400146484375,248.02459716796875,15.10013484954834,107.9359130859375,101.31121063232422,27.971323013305664,267.7006530761719,476.77569580078125,157.38995361328125,313.1983947753906,74.39915466308594,122.10614776611328,357.6025085449219,64.87126922607422
2022-07-01,136.07862854003906,250.6803436279297,14.46660327911377,107.71253967285156,102.60671997070312,28.357685089111328,269.6924743652344,480.2752380371094,159.17213439941406,313.66204833984375,76.0584487915039,123.56521606445312,361.3847351074219,65.38861846923828
2022-07-05,138.65464782714844,253.83822631835938,14.905892372131348,112.19538116455078,102.2164535522461,28.070161819458008,267.8628845214844,468.9876708984375,157.94857788085938,316.0480651855469,73.67809295654297,120.31816101074219,362.0672302246094,65.50090026855469
2022-07-06,139.98670959472656,257.08306884765625,15.071247100830078,113.49205017089844,101.55388641357422,27.83654022216797,264.762451171875,478.31658935546875,158.09042358398438,318.9169616699219,72.34892272949219,118.73257446289062,363.29010009765625,65.10359191894531
2022-07-07,143.34634399414062,259.1979064941406,15.796420097351074,117.66334533691406,104.12245178222656,28.62725067138672,269.1246337890625,477.4718933105469,158.26776123046875,316.7918395996094,74.65977478027344,121.0434799194336,368.7311096191406,64.92223358154297
2022-07-08,144.02218627929688,258.4833068847656,15.776498794555664,118.22848510742188,103.79572296142578,28.56435203552246,267.2048645019531,481.41693115234375,158.07269287109375,319.22613525390625,74.7813949584961,120.41092681884766,368.4277648925781,64.70632934570312
2022-07-11,141.896728515625,255.44137573242188,15.093161582946777,114.58612823486328,102.43427276611328,28.26783561706543,264.23968505859375,479.8575439453125,158.134765625,319.8056945800781,74.39915466308594,119.34825897216797,364.21905517578125,64.9481201171875
2022-07-12,142.8664093017578,244.9729461669922,15.023432731628418,112.94573974609375,102.53410339355469,28.1779842376709,263.6538391113281,477.50897216796875,155.9181365966797,312.5801086425781,73.4087905883789,117.16388702392578,360.99615478515625,65.0604248046875
2022-07-13,142.50396728515625,244.0555419921875,15.10511302947998,110.30387878417969,101.57202911376953,27.710750579833984,261.5087585449219,465.2746887207031,155.55459594726562,311.48858642578125,73.70414733886719,116.37952423095703,359.1002502441406,65.2677230834961
2022-07-14,145.42282104492188,245.36892700195312,15.312308311462402,109.32716369628906,98.02322387695312,27.072786331176758,253.7937469482422,466.3792724609375,155.76736450195312,315.7679443359375,72.22727966308594,114.65058135986328,358.2281494140625,65.0604248046875
2022-07-15,147.0879364013672,247.91836547851562,15.700791358947754,110.723876953125,102.51597595214844,28.977678298950195,264.86151123046875,491.7390441894531,158.02835083007812,320.3176574707031,73.44351959228516,116.0927505493164,365.0721130371094,65.29360961914062
2022-07-18,144.0515594482422,245.53311157226562,16.03847885131836,108.00228118896484,101.46311950683594,28.986663818359375,271.5220031738281,482.1037902832031,154.48171997070312,310.822021484375,74.79876708984375,117.72051239013672,362.0577697753906,65.09496307373047
2022-07-19,147.90090942382812,250.63204956054688,16.9260196685791,112.73722076416016,103.97721862792969,29.966062545776367,286.6546630859375,495.1736145019531,152.22959899902344,315.10137939453125,76.68392944335938,121.9627685546875,371.8402099609375,65.04315185546875
2022-07-20,149.89903259277344,253.27818298339844,17.737852096557617,112.82637786865234,103.95906829833984,29.975048065185547,289.7190856933594,482.1966247558594,151.3607177734375,311.0732116699219,77.52662658691406,123.5736312866211,374.2100830078125,64.9826889038086
2022-07-21,152.16159057617188,255.76007080078125,17.979904174804688,113.26223754882812,104.66703033447266,30.235626220703125,294.30670166015625,484.97210693359375,151.89271545410156,315.7969055175781,76.2322006225586,122.62904357910156,378.0207824707031,65.5181884765625
2022-07-22,150.927490234375,251.43356323242188,17.251747131347656,106.8829345703125,104.15877532958984,30.03794288635254,291.95428466796875,483.9973449707031,152.61090087890625,317.5646057128906,75.65015411376953,121.60855102539062,374.513427734375,66.05364990234375
2022-07-25,149.8108367919922,249.95608520507812,16.957889556884766,106.49661254882812,104.57626342773438,30.307506561279297,292.12548828125,491.47906494140625,152.91236877441406,320.26934814453125,78.16949462890625,125.22669219970703,374.9684143066406,65.81181335449219
2022-07-26,148.4885711669922,243.2636260986328,16.468799591064453,104.03007507324219,102.94253540039062,29.696500778198242,287.1053161621094,493.4469909667969,153.99404907226562,320.27899169921875,77.86540985107422,124.24835205078125,370.5321350097656,65.8291015625
2022-07-27,153.57205200195312,259.52630615234375,17.720914840698242,111.99429321289062,104.59441375732422,30.181713104248047,292.5040588378906,496.250244140625,153.56851196289062,317.74810791015625,79.55078125,125.88452911376953,380.1535339355469,66.01045227050781
2022-07-28,154.1205596923828,266.93341064453125,17.914165496826172,113.14336395263672,104.20415496826172,29.939105987548828,296.6229248046875,502.63665771484375,154.4551544189453,319.5448303222656,80.48033905029297,126.83759307861328,384.9216003417969,66.4682388305664
2022-07-29,159.17469787597656,271.1148376464844,18.092466354370117,115.22356414794922,104.70333099365234,30.3793888092041,300.4804992675781,503.4256896972656,154.73886108398438,318.4726257324219,84.20724487304688,138.13058471679688,390.53326416015625,66.41637420654297
2022-08-01,158.1951904296875,268.4785461425781,18.369384765625,113.77732849121094,103.65956115722656,30.289535522460938,299.29974365234375,496.9650573730469,154.197998046875,313.1211242675781,82.07884216308594,135.37269592285156,389.3768005371094,66.70455932617188
2022-08-02,156.72596740722656,265.39788818359375,18.45406150817871,114.0447769165039,102.04399108886719,29.687524795532227,295.5143737792969,497.03936767578125,153.32020568847656,309.3055419921875,81.72264099121094,134.21725463867188,386.8079833984375,66.02954864501953
2022-08-03,162.7203826904297,272.78558349609375,18.81963539123535,116.96697998046875,103.114990234375,30.226640701293945,300.28216552734375,501.85699462890625,154.80093383789062,303.1522521972656,79.0729751586914,131.0292205810547,392.8651428222656,66.35842895507812
2022-08-04,162.4069366455078,273.9251708984375,19.140377044677734,117.07593536376953,101.98045349121094,30.0109920501709,299.1105041503906,495.4520568847656,152.31829833984375,295.38580322265625,75.74569702148438,127.47010040283203,392.5997314453125,66.5228271484375
2022-08-05,162.18136596679688,273.2104797363281,18.915264129638672,116.36273193359375,105.06639862060547,30.514162063598633,301.6341552734375,496.6680603027344,151.71539306640625,291.06787109375,76.84031677246094,129.57861328125,391.9361572265625,65.76994323730469
2022-08-08,161.71055603027344,270.7092590332031,17.723905563354492,116.1943359375,103.78662109375,30.09185791015625,301.6430969238281,498.09759521484375,150.90853881835938,292.2077331542969,77.2746810913086,129.38462829589844,391.4811706542969,66.06417846679688
2022-08-09,161.7595672607422,272.6213684082031,17.019655227661133,115.53064727783203,104.72148132324219,30.478219985961914,303.3916015625,498.7102966308594,150.89077758789062,292.7100830078125,78.69940948486328,131.07138061523438,389.92657470703125,65.91706085205078
2022-08-10,165.99684143066406,279.2462158203125,18.026729583740234,118.57169342041016,107.45342254638672,31.511539459228516,313.5671081542969,499.1371154785156,151.32525634765625,294.245849609375,79.44654083251953,131.4171905517578,398.1165771484375,66.09879302978516
2022-08-11,165.2611846923828,277.1795959472656,17.87232780456543,117.71981048583984,109.04176330566406,32.26631164550781,316.9649963378906,494.6258239746094,148.19534301757812,290.92303466796875,81.7447738647461,134.62210083007812,398.1165771484375,65.72666931152344
2022-08-12,168.80201721191406,281.9019470214844,18.6363468170166,120.53304290771484,110.84793853759766,32.616737365722656,318.893798828125,504.6881103515625,146.5639190673828,298.5694274902344,82.45526885986328,134.8160400390625,404.8563537597656,66.02954864501953
2022-08-15,169.87106323242188,283.408447265625,18.958099365234375,120.92926788330078,111.1474609375,32.57180404663086,320.723388671875,505.5606994628906,147.2643585205078,304.2485656738281,80.98160552978516,132.2521209716797,406.5246887207031,66.09879302978516
2022-08-16,169.7141571044922,282.67449951171875,18.805686950683594,120.55284881591797,112.20936584472656,32.922237396240234,319.9302673339844,506.9344482421875,148.57664489746094,300.7305908203125,80.22723388671875,131.91481018066406,407.3209533691406,66.01225280761719
2022-08-17,171.2050323486328,281.9292907714844,18.2637996673584,118.42312622070312,111.26543426513672,32.715579986572266,318.82171630859375,505.894775390625,148.5855255126953,307.0395812988281,80.87635803222656,133.0027618408203,404.4298095703125,65.622802734375
2022-08-18,170.8126983642578,280.81640625,18.700098037719727,119.03726959228516,110.40320587158203,32.5987663269043,319.5246887207031,506.0989990234375,147.86729431152344,306.9427490234375,82.78860473632812,135.3346405029297,405.6051940917969,65.74396514892578
2022-08-19,168.2331085205078,276.92596435546875,17.779687881469727,116.10517883300781,107.67127227783203,31.87993621826172,314.7929382324219,508.97662353515625,150.11940002441406,312.8059997558594,82.52545928955078,134.2027587890625,400.1546630859375,65.3285903930664
2022-08-22,164.35879516601562,268.7967224121094,16.96785545349121,113.1631851196289,105.8923110961914,31.197050094604492,308.6190490722656,505.4956970214844,149.59278869628906,313.125732421875,82.46405029296875,133.5304412841797,391.8224792480469,65.03434753417969
2022-08-23,164.0253143310547,267.52899169921875,17.114280700683594,112.7867431640625,104.84854125976562,30.918506622314453,306.6002197265625,497.3548278808594,148.28953552246094,305.37274169921875,85.9640121459961,137.86228942871094,390.87451171875,65.00837707519531
2022-08-24,164.319580078125,266.8998718261719,17.155120849609375,112.61837005615234,105.10267639160156,31.017349243164062,308.1864929199219,497.967529296875,147.7986297607422,309.0263671875,86.47279357910156,138.883544921875,392.1258239746094,64.84397888183594
2022-08-25,166.77166748046875,269.861328125,17.84343910217285,115.55045318603516,107.5986557006836,31.574434280395508,312.287353515625,502.71087646484375,149.18215942382812,313.1645202636719,86.9201431274414,140.1005401611328,397.6616516113281,65.19878387451172
2022-08-26,160.48451232910156,259.44805908203125,16.19685935974121,109.2999267578125,104.07706451416016,30.577064514160156,303.1933288574219,491.2749938964844,146.62930297851562,305.8185119628906,85.84999084472656,139.07077026367188,384.201171875,65.06893920898438
2022-08-29,158.28741455078125,256.6803283691406,15.739640235900879,108.38859558105469,103.82294464111328,30.46025276184082,300.958251953125,491.75750732421875,145.4956817626953,300.5755615234375,87.82364654541016,140.10903930664062,381.66070556640625,64.77473449707031
2022-08-30,155.86474609375,254.4931640625,15.40793514251709,107.91312408447266,103.84110260009766,30.63097381591797,300.6968078613281,485.32489013671875,144.9868621826172,297.56158447265625,84.48158264160156,136.69631958007812,377.47088623046875,64.82669830322266
2022-08-31,154.20716857910156,253.04151916503906,15.035387992858887,107.1999282836914,103.22390747070312,30.199682235717773,302.0951843261719,482.0667724609375,144.01393127441406,291.9308776855469,83.84999084472656,134.51763916015625,374.5987548828125,64.55838775634766
2022-09-01,154.93295288085938,252.00599670410156,13.882878303527832,108.7055892944336,103.93185424804688,30.272035598754883,302.8489074707031,486.4015808105469,147.5843963623047,299.5870361328125,82.34124755859375,132.3729705810547,375.77423095703125,64.2079849243164
2022-09-02,152.82415771484375,247.80589294433594,13.594005584716797,106.83341217041016,103.20573425292969,30.235858917236328,301.0146179199219,479.3005065917969,145.2636260986328,292.0278015136719,83.84999084472656,134.3389129638672,371.8118896484375,64.37279510498047
2022-09-06,151.56866455078125,245.08648681640625,13.412714004516602,105.8031997680664,103.23298645019531,29.901212692260742,296.4832458496094,480.5350646972656,145.6563262939453,297.34832763671875,83.28861999511719,133.71762084960938,370.4089050292969,63.791786193847656
2022-09-07,152.97129821777344,249.7705078125,13.66480541229248,108.41831970214844,105.19344329833984,30.362489700317383,300.17913818359375,484.2480773925781,146.45077514648438,301.9808349609375,82.57808685302734,132.00701904296875,377.0633544921875,64.25141143798828
2022-09-08,151.50003051757812,250.1865692138672,13.939815521240234,107.35841369628906,107.64404296875,31.339296340942383,304.55615234375,489.6597595214844,147.62899780273438,305.7603454589844,83.25353240966797,132.72190856933594,379.5279235839844,64.05195617675781
2022-09-09,154.35426330566406,255.9351043701172,14.3353910446167,109.60701751708984,108.161376953125,31.601577758789062,308.8423156738281,488.2444763183594,147.91465759277344,307.8924255371094,84.64823913574219,136.14317321777344,385.42401123046875,64.02594757080078
2022-09-12,160.2981414794922,258.0545654296875,14.452969551086426,109.8150405883789,109.44112396240234,31.900056838989258,311.0944519042969,494.6787109375,147.8521728515625,305.489013671875,85.62191772460938,138.29629516601562,389.5663757324219,63.9478759765625
2022-09-13,150.89190673828125,243.8671112060547,13.083895683288574,103.33667755126953,105.63817596435547,30.751392364501953,298.2086486816406,478.5789489746094,144.00502014160156,297.01885986328125,83.62193298339844,135.6665496826172,372.6270446777344,63.62702178955078
2022-09-14,152.33377075195312,244.08969116210938,13.08090877532959,104.01026916503906,105.39313507080078,30.633819580078125,297.1824951171875,474.67742919921875,146.97743225097656,300.05224609375,85.674560546875,138.95162963867188,374.04901123046875,63.70505905151367
2022-09-15,149.45005798339844,237.47018432617188,12.882622718811035,101.93997955322266,106.98146057128906,31.212669372558594,301.1417236328125,486.91290283203125,147.35231018066406,299.9165344238281,83.18333435058594,136.69631958007812,369.8022766113281,63.51429748535156
2022-09-16,147.81210327148438,236.850830078125,13.150656700134277,101.83100891113281,106.26444244384766,30.859926223754883,296.22894287109375,485.1529846191406,149.60169982910156,299.3544616699219,81.7623062133789,133.14743041992188,366.9810791015625,63.444889068603516
2022-09-19,151.51963806152344,236.6378936767578,13.333996772766113,102.09846496582031,107.24468231201172,31.375473022460938,298.45379638671875,487.5087890625,148.42343139648438,295.6717529296875,81.75353240966797,133.5304412841797,369.8270263671875,63.40154266357422
2022-09-20,153.89328002929688,234.6346435546875,13.128735542297363,100.18666076660156,105.1299057006836,30.905160903930664,293.5500793457031,486.8103942871094,147.2541046142578,292.41546630859375,81.08686065673828,133.0027618408203,365.5819091796875,63.0893440246582
2022-09-21,150.77426147460938,231.24745178222656,13.213430404663086,98.34417724609375,102.09846496582031,29.982616424560547,291.2344055175781,476.828369140625,145.74562072753906,287.32757568359375,79.77987670898438,131.92190551757812,359.2047424316406,63.262760162353516
2022-09-22,149.81297302246094,233.2119903564453,12.515941619873047,99.19608306884766,100.93671417236328,29.39472007751465,284.160400390625,481.8380432128906,148.33419799804688,301.2733459472656,79.44654083251953,131.81980895996094,356.1875,62.612369537353516
2022-09-23,147.54725646972656,230.2506866455078,12.471102714538574,97.80927276611328,99.05792236328125,28.698293685913086,274.216796875,478.2530822753906,148.81619262695312,301.8451232910156,75.218505859375,123.2071304321289,350.2196960449219,62.43896484375
2022-09-26,147.88075256347656,229.7957763671875,12.184135437011719,97.24465942382812,96.92500305175781,28.065174102783203,267.5422668457031,473.36444091796875,147.90573120117188,298.0072937011719,73.66590881347656,119.9646224975586,346.7550964355469,61.64108657836914
2022-09-27,148.8517608642578,228.789306640625,12.368470191955566,96.58096313476562,96.07183837890625,27.64912223815918,264.60003662109375,473.373779296875,147.22732543945312,301.49627685546875,75.20974731445312,120.01568603515625,345.86993408203125,61.37227249145508
2022-09-28,146.9685516357422,233.29913330078125,12.690314292907715,99.10693359375,98.01414489746094,28.10135269165039,273.1452331542969,478.5603332519531,148.49484252929688,324.0575866699219,77.94654846191406,124.0666732788086,352.6753845214844,62.32619094848633
2022-09-29,139.74961853027344,229.8441925048828,12.176165580749512,96.50172424316406,96.35321044921875,27.730525970458984,268.895263671875,473.8021240234375,146.8613739013672,319.8224182128906,77.78866577148438,123.2071304321289,345.308349609375,62.00533676147461
2022-09-30,135.55165100097656,225.39247131347656,12.095455169677734,94.74840545654297,94.8465347290039,27.314477920532227,266.1165771484375,470.2730407714844,145.81703186035156,313.3680419921875,76.58690643310547,122.27098846435547,339.9686279296875,61.857906341552734
2022-10-03,139.72018432617188,232.97975158691406,12.467117309570312,97.71022033691406,97.77818298339844,28.119441986083984,271.656005859375,480.0222473144531,145.6741943359375,311.6236267089844,80.63074493408203,129.1304931640625,348.9442443847656,62.37590408325195
2022-10-04,143.30023193359375,240.85739135742188,13.11976432800293,100.68193817138672,102.35259246826172,29.286184310913086,285.9311828613281,487.15496826171875,147.83432006835938,319.7061462402344,83.56929779052734,134.15167236328125,359.7568359375,62.53232955932617
2022-10-05,143.59446716308594,241.1670684814453,13.161615371704102,100.47390747070312,101.0888671875,28.870134353637695,280.6006774902344,490.7865295410156,147.3790740966797,321.53778076171875,86.94646453857422,134.9176483154297,358.9192199707031,62.202064514160156
2022-10-06,142.64303588867188,238.83473205566406,13.08289909362793,100.4640121459961,99.02845764160156,28.454084396362305,276.668701171875,483.3930969238281,144.52272033691406,322.6716613769531,89.525390625,137.37718200683594,355.2166748046875,61.967411041259766
2022-10-07,137.40538024902344,226.68930053710938,12.032681465148926,97.74984741210938,97.05045318603516,27.81192970275879,273.4085693359375,470.0960693359375,142.99635314941406,316.57586669921875,88.62187194824219,136.19424438476562,345.308349609375,61.64582824707031
2022-10-10,137.72906494140625,221.86009216308594,11.628137588500977,96.93756103515625,96.14385223388672,27.730525970458984,272.9181823730469,464.5184631347656,143.18380737304688,313.8913269042969,86.70085144042969,133.73464965820312,342.6717224121094,61.36773681640625
2022-10-11,136.31666564941406,218.1439208984375,11.544440269470215,96.26397705078125,93.36914825439453,26.925565719604492,267.169921875,465.403076171875,145.25466918945312,317.4868469238281,85.9640121459961,133.7601776123047,340.5016174316406,61.385101318359375
2022-10-12,135.68894958496094,218.4729766845703,11.458747863769531,96.64041137695312,94.88013458251953,27.006961822509766,268.1689147949219,465.542724609375,145.21896362304688,314.55035400390625,86.3412094116211,134.16017150878906,339.3785705566406,61.45463943481445
2022-10-13,140.24984741210938,226.68930053710938,11.917098045349121,98.12625122070312,100.15481567382812,28.6621150970459,278.8480529785156,474.8077697753906,147.41481018066406,321.847900390625,89.35872650146484,140.66224670410156,348.3350830078125,61.23735809326172
2022-10-14,135.72817993164062,221.1923828125,11.186726570129395,95.64983367919922,101.82146453857422,28.67115592956543,272.41876220703125,477.8061828613281,146.7989044189453,321.15985107421875,87.00786590576172,136.28782653808594,340.3968811035156,60.941871643066406
2022-10-17,139.6809844970703,229.87322998046875,11.845355033874512,99.02767944335938,106.09798431396484,30.407705307006836,278.52117919921875,485.9537048339844,148.70016479492188,322.487548828125,88.26224517822266,137.28358459472656,349.1441955566406,61.07223129272461
2022-10-18,140.99525451660156,230.81195068359375,11.924073219299316,99.82014465332031,108.82689666748047,31.54732322692871,285.0048828125,486.2610778808594,148.18243408203125,324.6874694824219,88.4201431274414,138.48355102539062,353.2464904785156,61.21127700805664
2022-10-19,141.1031494140625,228.85708618164062,12.007769584655762,98.69087982177734,106.69322204589844,30.67903709411621,283.1070251464844,484.5010986328125,147.00424194335938,319.1246337890625,91.04291534423828,142.9770965576172,350.7431335449219,60.70720291137695
2022-10-20,140.64215087890625,228.53770446777344,12.15025806427002,99.02767944335938,106.34524536132812,30.480064392089844,282.24432373046875,485.0226135253906,147.3790740966797,318.9114685058594,91.16571807861328,143.7941131591797,347.8020324707031,60.29871368408203
2022-10-21,144.4478302001953,234.31529235839844,12.421282768249512,100.17674255371094,111.93128204345703,31.61063003540039,295.220947265625,496.9879150390625,150.5924835205078,330.250244140625,92.85868835449219,147.3940887451172,356.2541809082031,60.403038024902344
2022-10-24,146.58602905273438,239.27989196777344,12.553804397583008,101.55364227294922,112.06863403320312,31.719154357910156,298.4901123046875,504.316162109375,152.6186981201172,337.16015625,93.50779724121094,147.34304809570312,360.61346435546875,60.31611633300781
2022-10-25,149.4206085205078,242.57994079589844,13.213430404663086,103.49518585205078,112.3616714477539,32.00858688354492,301.8500061035156,503.0311279296875,152.37771606445312,340.4649353027344,92.87621307373047,148.87489318847656,366.37188720703125,60.889713287353516
2022-10-26,146.4879608154297,223.8634033203125,12.849739074707031,94.03519439697266,113.65287017822266,32.288963317871094,304.837646484375,505.7781677246094,153.71661376953125,346.8127136230469,93.98146057128906,150.71319580078125,363.61163330078125,61.133056640625
2022-10-27,142.025146484375,219.4407196044922,13.128735542297363,91.35073852539062,114.10157775878906,32.442718505859375,306.19073486328125,504.5024719238281,153.80587768554688,345.3299255371094,94.34111022949219,151.40255737304688,361.6700134277344,61.45463943481445
2022-10-28,152.75555419921875,228.26673889160156,13.784378051757812,95.38236236572266,115.45687103271484,32.723106384277344,310.404296875,513.2926025390625,156.09100341796875,348.7896423339844,97.104248046875,153.17274475097656,370.27435302734375,61.332969665527344
2022-10-31,150.40150451660156,224.6472930908203,13.44858455657959,93.61915588378906,115.27371978759766,32.59647750854492,312.8470764160156,516.9334716796875,155.2876434326172,350.9121398925781,97.20073699951172,153.95571899414062,367.5997314453125,61.14176940917969
2022-11-01,147.76304626464844,220.81492614746094,13.494420051574707,89.61723327636719,117.35246276855469,32.7411994934082,316.54296875,509.633056640625,154.5021514892578,341.69573974609375,98.16564178466797,155.07911682128906,365.9912109375,61.20534133911133
2022-11-02,142.250732421875,213.00509643554688,13.17158031463623,86.15022277832031,116.27188110351562,32.64170455932617,317.6417541503906,506.020263671875,152.12774658203125,344.00213623046875,96.14812469482422,151.91319274902344,356.8061828613281,61.10953903198242
2022-11-03,136.21864318847656,207.34365844726562,13.372855186462402,82.64359283447266,116.48249816894531,32.460811614990234,316.8062744140625,506.1878356933594,152.38665771484375,350.5147705078125,97.45513153076172,154.1514892578125,353.1322326660156,60.87432098388672
2022-11-04,135.9533233642578,214.25350952148438,14.105219841003418,85.7638931274414,119.66928100585938,33.27482223510742,325.0155334472656,501.12225341796875,153.0650177001953,346.37664794921875,98.51652526855469,156.10037231445312,358.21484375,60.89173126220703
2022-11-07,136.48385620117188,220.5246124267578,14.249699592590332,87.6559066772461,120.30113220214844,33.47380065917969,329.2381591796875,507.5008850097656,154.40396118164062,353.80010986328125,99.68316650390625,157.96417236328125,361.6414489746094,60.65655517578125
2022-11-08,137.05364990234375,221.4923858642578,14.54962158203125,88.0620346069336,120.37442779541016,33.564247131347656,330.5639343261719,514.9779663085938,155.1715545654297,355.341064453125,99.99897003173828,157.734375,363.5926513671875,60.92662048339844
2022-11-09,132.5048828125,217.27296447753906,13.726583480834961,86.4969253540039,118.80850219726562,33.030616760253906,328.7296142578125,503.44091796875,153.9308624267578,352.0556945800781,95.52532196044922,151.42803955078125,356.10186767578125,61.013702392578125
2022-11-10,144.29446411132812,235.14752197265625,15.693502426147461,93.05451965332031,123.69859313964844,34.486793518066406,343.5406188964844,506.70941162109375,155.7339324951172,357.33746337890625,96.92882537841797,154.29615783691406,375.6711120605469,62.276832580566406
2022-11-11,147.07479858398438,239.1444091796875,16.268430709838867,95.50122833251953,123.90005493164062,34.74003982543945,349.7701110839844,486.1399841308594,151.07452392578125,341.42437744140625,99.95509338378906,158.68759155273438,379.3070983886719,62.276832580566406
2022-11-14,145.6797332763672,233.76364135742188,16.23654556274414,94.79792785644531,122.62713623046875,34.152137756347656,347.2183532714844,478.3834533691406,153.44883728027344,346.03076171875,100.24690246582031,158.76417541503906,376.0804138183594,62.07648468017578
2022-11-15,147.40890502929688,234.17010498046875,16.606210708618164,97.51211547851562,121.73888397216797,34.097869873046875,347.69061279296875,468.3827819824219,153.87728881835938,340.09295654296875,100.91893005371094,160.04074096679688,379.2880554199219,62.51203918457031
2022-11-16,146.18077087402344,234.59713745117188,15.852928161621094,97.91822814941406,121.9036865234375,33.79035949707031,347.1911315917969,476.306884765625,154.83242797851562,342.9889831542969,99.84014892578125,157.4365234375,376.3945617675781,62.86920166015625
2022-11-17,148.07693481445312,234.54861450195312,15.62076187133789,97.432861328125,121.3725814819336,33.6185188293457,344.87548828125,479.8359680175781,156.08204650878906,350.60821533203125,99.97279357910156,157.88247680664062,375.2427978515625,62.60785675048828
2022-11-18,148.63693237304688,234.1021728515625,15.353724479675293,96.51162719726562,122.56301879882812,33.63660430908203,344.34881591796875,493.51483154296875,157.2781524658203,351.4828796386719,99.1062240600586,156.93910217285156,376.94659423828125,62.503326416015625
2022-11-21,145.41444396972656,234.9076690673828,15.262054443359375,94.69886779785156,121.83958435058594,33.74513626098633,345.26593017578125,481.5866394042969,158.0867156982422,350.9968566894531,98.12470245361328,155.438232421875,375.57598876953125,62.503326416015625
2022-11-22,147.54641723632812,237.79971313476562,15.98046875,96.13520812988281,123.66192626953125,33.907936096191406,348.589599609375,487.0804748535156,158.85031127929688,350.7151184082031,100.963134765625,159.42625427246094,380.63006591796875,62.82564926147461
2022-11-23,148.42080688476562,240.27452087402344,16.459745407104492,97.53192901611328,124.98060607910156,34.016475677490234,350.75091552734375,493.24468994140625,159.02098083496094,351.5313415527344,100.45912170410156,158.01113891601562,383.0286865234375,63.20893096923828
2022-11-25,145.5126953125,240.18716430664062,16.211639404296875,96.54134368896484,125.21869659423828,34.097869873046875,353.1209411621094,500.6102294921875,159.22760009765625,354.9620056152344,100.10543060302734,157.5480194091797,382.9430236816406,63.20893096923828
2022-11-28,141.69094848632812,234.62623596191406,15.770225524902344,95.14463806152344,123.03008270263672,33.33814239501953,347.2183532714844,495.6285705566406,159.30845642089844,355.46734619140625,97.09899139404297,152.96823120117188,376.8323059082031,63.13055419921875
2022-11-29,138.6944122314453,233.2384490966797,15.582898139953613,94.2927474975586,125.05384063720703,33.46475601196289,348.44427490234375,491.6524353027344,158.19447326660156,353.6986083984375,97.74449157714844,155.25811767578125,376.18511962890625,62.89533615112305
2022-11-30,145.43411254882812,247.61141967773438,16.866605758666992,100.0380630493164,126.5373764038086,34.23353576660156,352.9596862792969,510.0521545410156,159.91036987304688,360.6277160644531,98.45188903808594,157.21353149414062,388.03515625,63.38317108154297
2022-12-01,145.70921325683594,247.1747283935547,17.077899932861328,100.0380630493164,124.76083374023438,33.25102233886719,350.82080078125,499.9490051269531,160.57518005371094,359.8988952636719,97.9743881225586,156.51025390625,387.7496032714844,63.91138458251953
2022-12-02,145.21800231933594,247.49497985839844,16.819761276245117,99.49325561523438,123.77179718017578,32.82344436645508,347.8683776855469,500.7897644042969,160.70094299316406,364.2041320800781,97.1432113647461,155.25811767578125,387.30230712890625,64.17332458496094
2022-12-05,144.0586700439453,242.8171844482422,16.554649353027344,98.54228973388672,120.30113220214844,31.3587589263916,339.60546875,499.74359130859375,160.61109924316406,358.88824462890625,94.48162078857422,151.4244842529297,380.3349914550781,63.666954040527344
2022-12-06,140.40391540527344,237.8870849609375,15.933728218078613,96.06586456298828,120.50261688232422,30.02144432067871,331.7172546386719,503.74127197265625,158.20347595214844,358.1592712402344,91.85541534423828,147.52224731445312,374.8525695800781,63.87648010253906
2022-12-07,138.4684600830078,237.15919494628906,16.066286087036133,94.04510498046875,120.42021179199219,29.7849063873291,328.9842224121094,507.09442138671875,159.16476440429688,361.49267578125,91.65204620361328,147.9596405029297,374.21490478515625,64.43527221679688
2022-12-08,140.14845275878906,240.09982299804688,17.111787796020508,92.8266830444336,121.68394470214844,29.511985778808594,327.3023376464844,511.77386474609375,159.19166564941406,361.3177795410156,92.33290100097656,148.83441162109375,377.14642333984375,64.25190734863281
2022-12-09,139.66708374023438,238.17819213867188,16.944347381591797,91.95498657226562,121.02459716796875,29.457401275634766,328.2712707519531,503.6292724609375,157.8800811767578,350.8219909667969,91.55477905273438,144.0830841064453,374.32904052734375,63.87648010253906
2022-12-12,141.95620727539062,245.05902099609375,17.476572036743164,92.43045806884766,122.90187072753906,29.775815963745117,331.9640197753906,509.8498840332031,159.7666015625,356.9056701660156,93.8095932006836,145.5839385986328,379.7258605957031,63.87648010253906
2022-12-13,142.91900634765625,249.33889770507812,18.01177978515625,94.72858428955078,122.78282928466797,29.794008255004883,337.0003662109375,502.7137756347656,160.99742126464844,348.5575866699219,94.8353271484375,148.82583618164062,382.60040283203125,64.31302642822266
2022-12-14,140.69863891601562,249.63003540039062,17.6151065826416,94.17388153076172,122.16927337646484,29.36642837524414,329.4046936035156,502.8446044921875,161.4915008544922,353.2612609863281,94.13676452636719,147.7967071533203,380.1541748046875,64.47020721435547
2022-12-15,134.10626220703125,241.6623077392578,16.895509719848633,90.00354766845703,119.13816833496094,28.902462005615234,319.76141357421875,492.86920166015625,159.45223999023438,349.86956787109375,93.2348403930664,146.69029235839844,370.85491943359375,64.50508880615234
2022-12-16,132.15118408203125,237.4697723388672,16.515779495239258,89.4092025756836,118.39640808105469,28.83877944946289,316.58056640625,489.1517028808594,157.817138671875,349.73358154296875,92.58048248291016,144.7006378173828,366.47662353515625,64.33922576904297
2022-12-19,130.0487060546875,233.35487365722656,16.199832916259766,87.60636901855469,119.10152435302734,29.16628646850586,314.9901428222656,489.0582275390625,157.646484375,347.702392578125,92.99610137939453,145.69544982910156,363.36895751953125,63.955047607421875
2022-12-20,129.97994995117188,234.6650390625,16.031396865844727,88.18090057373047,119.6784439086914,29.284549713134766,314.8804626464844,485.8919677734375,157.817138671875,349.5099792480469,94.34014129638672,148.08828735351562,363.8662414550781,63.53596115112305
2022-12-21,133.07470703125,237.21742248535156,16.446014404296875,88.7356185913086,121.02459716796875,29.730331420898438,320.0630798339844,492.7384033203125,159.6228790283203,357.64422607421875,95.55155181884766,149.82928466796875,369.3069152832031,63.684391021728516
2022-12-22,129.91116333007812,231.16159057617188,15.287888526916504,86.93278503417969,119.6509780883789,29.46650505065918,315.876708984375,492.31817626953125,159.0389862060547,355.0202941894531,93.62388610839844,147.582275390625,364.0383605957031,63.675655364990234
2022-12-23,129.54766845703125,231.6856231689453,15.155332565307617,88.38892364501953,120.21875,29.539281845092773,315.8128356933594,496.2597351074219,159.44325256347656,357.5373840332031,96.09979248046875,152.1448974609375,366.1324157714844,63.47610855102539
2022-12-27,127.74977111816406,229.9678497314453,14.073945045471191,86.56626892089844,120.63999938964844,29.59386444091797,312.5770568847656,496.89483642578125,159.3982696533203,354.6024475097656,97.43500518798828,154.05743408203125,364.6885070800781,62.986019134521484
2022-12-28,123.82974243164062,227.6095733642578,13.989227294921875,85.20917510986328,121.29930114746094,29.812204360961914,311.5715637207031,493.58837890625,158.70657348632812,354.93280029296875,95.83451843261719,151.78466796875,360.15618896484375,62.898529052734375
2022-12-29,127.33715057373047,233.89833068847656,14.554339408874512,87.61626434326172,121.99527740478516,30.148805618286133,313.9114990234375,494.92401123046875,159.5150909423828,356.68212890625,96.55958557128906,152.93392944335938,366.6391906738281,63.134796142578125
2022-12-30,127.65150451660156,232.7434844970703,14.565302848815918,87.39835357666016,122.80113220214844,30.13060760498047,313.8658447265625,495.2041015625,158.69757080078125,355.5353698730469,97.53227233886719,153.93734741210938,365.67340087890625,62.87224578857422
2023-01-03,122.87673950195312,232.5105743408203,14.267298698425293,88.27996826171875,123.73518371582031,30.48540687561035,316.4617004394531,484.4255676269531,160.08108520507812,354.7093200683594,94.18098449707031,149.2203369140625,364.13397216796875,63.204811096191406
2023-01-04,124.14412689208984,222.33981323242188,14.699851036071777,87.24976348876953,124.88902282714844,31.058544158935547,317.8145446777344,471.2182922363281,161.82388305664062,352.8725280761719,94.45509338378906,147.63372802734375,366.94512939453125,63.56365203857422
2023-01-05,122.8276138305664,215.75013732910156,14.2174654006958,85.3874740600586,124.86135864257812,30.99486541748047,314.213134765625,457.6375427246094,160.6290740966797,348.810302734375,96.56843566894531,150.29238891601562,362.7570495605469,63.493621826171875
2023-01-06,127.34696960449219,218.29281616210938,14.809486389160156,86.5167236328125,127.25066375732422,31.30416488647461,318.1618347167969,457.6748352050781,161.93173217773438,352.7170715332031,97.73564910888672,151.4244842529297,371.0758056640625,64.19377136230469
2023-01-09,127.86766052246094,220.41824340820312,15.575923919677734,87.19032287597656,126.72479248046875,30.83110809326172,322.6589660644531,457.7309265136719,157.73631286621094,339.9763488769531,95.91411590576172,150.24093627929688,370.865478515625,64.36880493164062
2023-01-10,128.43748474121094,222.09716796875,15.855988502502441,87.5865478515625,127.8594970703125,31.040346145629883,326.6441345214844,453.93878173828125,157.35899353027344,342.8140563964844,97.34657287597656,150.97848510742188,373.46630859375,64.11499786376953
2023-01-11,131.1490936279297,228.81297302246094,15.947677612304688,90.65733337402344,128.80970764160156,31.276885986328125,333.15234375,460.85064697265625,157.1074676513672,350.25836181640625,98.4784164428711,150.25808715820312,378.18988037109375,64.45632934570312
2023-01-12,131.0705108642578,231.47213745117188,16.45598030090332,90.27101135253906,128.6805419921875,31.3587589263916,338.1429748535156,462.97088623046875,156.31690979003906,349.0046691894531,100.1142578125,151.8704376220703,379.5668029785156,64.95516204833984
2023-01-13,132.3968048095703,232.17088317871094,16.842683792114258,91.25167846679688,131.92776489257812,32.050167083740234,341.85400390625,457.2732238769531,155.8048095703125,351.4342346191406,100.05237579345703,152.28208923339844,381.0393371582031,64.73635864257812
2023-01-17,133.55612182617188,233.25782775878906,17.643014907836914,90.42950439453125,129.8889923095703,31.404251098632812,319.84375,453.07940673828125,154.8435516357422,347.6634826660156,99.85782623291016,154.7949981689453,380.34124755859375,64.64884185791016
2023-01-18,132.83892822265625,228.85177612304688,17.319095611572266,90.2611083984375,125.98680114746094,30.67645835876465,319.08502197265625,444.8226318359375,152.50784301757812,342.09490966796875,97.8063735961914,151.9990692138672,374.33642578125,65.24398040771484
2023-01-19,132.8979034423828,225.08628845214844,16.709131240844727,92.17291259765625,124.3078384399414,30.230680465698242,320.6023864746094,452.4068908691406,152.3011932373047,341.19110107421875,98.43419647216797,153.51712036132812,371.611328125,65.11268615722656
2023-01-20,135.4522705078125,233.13169860839844,17.779556274414062,97.0960464477539,124.6123046875,30.79471778869629,312.45819091796875,454.6112365722656,151.59144592285156,336.3222351074219,100.22921752929688,155.14662170410156,378.5341491699219,64.82389068603516
2023-01-23,138.63548278808594,235.42201232910156,19.129047393798828,98.84938049316406,126.63257598876953,31.22231101989746,319.1307678222656,453.7612609863281,151.20516967773438,332.5709533691406,99.70751190185547,154.9407958984375,383.0760192871094,64.66632843017578
2023-01-24,140.03057861328125,234.89794921875,19.200803756713867,96.77909088134766,127.72109985351562,31.449731826782227,318.390380859375,459.1693115234375,151.20516967773438,336.63323974609375,100.63595581054688,155.08660888671875,382.664794921875,64.95516204833984
2023-01-25,139.37228393554688,233.5101318359375,19.25861167907715,94.32245635986328,128.33920288085938,31.722658157348633,319.5787353515625,460.010009765625,152.283203125,339.8791809082031,100.10543060302734,153.58570861816406,382.8082580566406,65.03394317626953
2023-01-26,141.4354705810547,240.68212890625,19.736013412475586,96.60077667236328,129.13253784179688,32.15022659301758,324.45965576171875,459.9913330078125,151.72618103027344,338.2076416015625,104.12873840332031,161.05575561523438,387.0154724121094,64.9113998413086
2023-01-27,143.37094116210938,240.83738708496094,20.297136306762695,98.43333435058594,129.4462127685547,32.25030517578125,323.298828125,453.9854431152344,151.13327026367188,332.46405029296875,102.22760772705078,153.90306091308594,387.9046936035156,64.84139251708984
2023-01-30,140.4923095703125,235.54818725585938,19.0981502532959,96.02626037597656,128.34840393066406,32.11384582519531,326.735595703125,453.7426452636719,145.53643798828125,330.9091491699219,100.41490936279297,149.40048217773438,383.0377197265625,64.65757751464844
2023-01-31,141.7597198486328,240.4976806640625,19.471900939941406,97.9083251953125,129.11410522460938,32.2775993347168,334.3678894042969,466.25860595703125,146.81210327148438,334.456298828125,102.58131408691406,149.2460479736328,388.669677734375,64.95516204833984
2023-02-01,142.87966918945312,245.2919158935547,20.873212814331055,99.48334503173828,128.77279663085938,32.67787551879883,334.2765197753906,464.2131042480469,148.15966796875,332.9208679199219,101.45832061767578,146.96478271484375,392.8003234863281,65.37276458740234
2023-02-02,148.17518615722656,256.7922668457031,21.636661529541016,106.72444915771484,128.1731414794922,32.86893081665039,337.71337890625,439.76947021484375,148.71665954589844,321.3851318359375,98.28385925292969,144.94931030273438,398.518310546875,65.41658782958984
2023-02-03,151.7906494140625,250.72674560546875,21.029691696166992,103.79235076904297,130.1565399169922,33.14185333251953,338.1521301269531,440.8810119628906,147.88116455078125,329.5290832519531,98.96475219726562,145.32666015625,394.282470703125,64.83761596679688
2023-02-06,149.0692138671875,249.19329833984375,21.018726348876953,101.93006896972656,130.92222595214844,33.08727264404297,338.9290466308594,443.88861083984375,146.75820922851562,328.1490783691406,98.79673767089844,145.4896240234375,391.8728332519531,64.43407440185547
2023-02-07,151.93800354003906,259.6648864746094,22.09911346435547,106.62539672851562,132.5181427001953,33.45116424560547,342.2196350097656,445.42041015625,146.79412841796875,330.1121826171875,101.61748504638672,149.3061065673828,396.998046875,64.34634399414062
2023-02-08,149.2559051513672,258.8594665527344,22.131006240844727,98.43333435058594,131.58642578125,33.205528259277344,342.8594970703125,451.3421325683594,146.98277282714844,331.13262939453125,100.73323822021484,145.79837036132812,392.65692138671875,64.46038818359375
2023-02-09,148.22430419921875,255.8412322998047,22.262569427490234,94.11444091796875,129.53843688964844,32.49592971801758,336.36053466796875,453.6865539550781,144.9973602294922,332.16278076171875,101.11345672607422,144.4604949951172,389.2529602050781,64.19721221923828
2023-02-10,148.58834838867188,255.3365020751953,21.194137573242188,93.67858123779297,130.11041259765625,32.36857604980469,339.3677978515625,461.64447021484375,145.671142578125,335.3989562988281,105.37551879882812,147.48789978027344,390.16131591796875,63.925254821777344
2023-02-13,151.38284301757812,263.3140563964844,21.71539306640625,93.71820831298828,131.52188110351562,32.43225860595703,341.872314453125,462.6719970703125,146.21022033691406,340.5302734375,104.96563720703125,146.66461181640625,394.74139404296875,64.10071563720703
2023-02-14,150.7432403564453,264.138916015625,22.894454956054688,93.78755187988281,132.10302734375,32.40495681762695,339.82489013671875,460.31817626953125,145.57235717773438,338.8630676269531,103.73600006103516,147.78810119628906,394.5597229003906,63.88142395019531
2023-02-15,152.83909606933594,262.02764892578125,22.688142776489258,96.02626037597656,132.65655517578125,32.350379943847656,342.1648254394531,458.8424072265625,143.17367553710938,326.62713623046875,103.42411041259766,146.23068237304688,395.8410339355469,63.74103546142578
2023-02-16,151.24508666992188,255.05178833007812,21.928682327270508,94.60972595214844,130.82997131347656,32.09564971923828,338.3807067871094,455.1996765136719,142.15853881835938,317.91082763671875,103.12116241455078,144.1195831298828,390.3907165527344,63.49541091918945
2023-02-17,150.1036834716797,251.07254028320312,21.316728591918945,93.46065521240234,131.2174072265625,32.15933609008789,336.8267822265625,466.1559143066406,145.1263885498047,320.1825256347656,99.15597534179688,140.9009552001953,389.41546630859375,63.635765075683594
2023-02-21,146.0989532470703,245.82847595214844,20.586172103881836,90.92478942871094,128.80970764160156,31.404251098632812,330.08111572265625,458.8984680175781,142.96380615234375,319.3147888183594,99.05799102783203,139.30027770996094,381.60345458984375,63.08308792114258
2023-02-22,146.52207946777344,244.69993591308594,20.684839248657227,90.78610229492188,127.82260131835938,31.195009231567383,329.870849609375,456.63812255859375,142.7647705078125,320.8357238769531,97.77487182617188,138.7379150390625,381.07757568359375,63.22347640991211
2023-02-23,147.00418090820312,247.8716583251953,23.585145950317383,90.03327941894531,128.84658813476562,31.16771125793457,332.2931213378906,459.2533874511719,142.71954345703125,319.3244934082031,98.6748275756836,140.10496520996094,383.1047058105469,63.451568603515625
2023-02-24,144.3573455810547,242.47190856933594,23.208406448364258,88.28987121582031,130.00894165039062,31.122222900390625,332.5763854980469,452.3789367675781,141.1270294189453,313.5917053222656,98.68374633789062,140.52024841308594,379.0121765136719,63.10062789916992
2023-02-27,145.5479278564453,243.38644409179688,23.422687530517578,89.02289581298828,131.1436309814453,31.122222900390625,334.1120300292969,451.435546875,140.81936645507812,308.6972961425781,98.50553894042969,140.875,380.3030700683594,63.205928802490234
2023-02-28,145.04612731933594,242.66650390625,23.13863754272461,89.21109771728516,132.24143981933594,31.2041072845459,321.42498779296875,444.54241943359375,138.67494201660156,303.432373046875,97.93525695800781,139.10130310058594,378.8974609375,63.22347640991211
2023-03-01,142.97979736328125,239.60179138183594,22.62236213684082,89.50827026367188,131.50340270996094,31.058544158935547,318.7369384765625,443.8699035644531,138.0505828857422,306.3085632324219,98.80848693847656,140.20880126953125,377.4440002441406,62.84889602661133
2023-03-02,143.5701446533203,244.3107452392578,23.236310958862305,91.13280487060547,130.13809204101562,30.664825439453125,321.3790283203125,446.18634033203125,137.94200134277344,307.1665344238281,99.26292419433594,140.65003967285156,380.3795471191406,62.71699905395508
2023-03-03,148.60804748535156,248.3775634765625,23.810388565063477,92.76725006103516,132.5273895263672,31.27829933166504,328.7345275878906,446.9895935058594,139.3625946044922,310.46197509765625,100.51930236816406,142.72654724121094,386.4800109863281,63.20061492919922
2023-03-06,151.36312866210938,249.914794921875,23.475513458251953,94.23329162597656,131.75250244140625,31.214208602905273,328.69775390625,449.0631103515625,140.7560577392578,310.9786376953125,101.41033935546875,143.77349853515625,386.7476806640625,63.05113220214844
2023-03-07,149.1688995361328,247.26841735839844,23.214338302612305,92.97527313232422,127.87796020507812,30.216157913208008,318.5987854003906,442.6183166503906,139.4259490966797,302.857177734375,99.45004272460938,141.92190551757812,380.8193359375,62.980812072753906
2023-03-08,150.4185333251953,246.83059692382812,24.104515075683594,93.36161041259766,127.12149810791016,29.813276290893555,321.5539245605469,439.5546875,138.4034423828125,304.7193908691406,97.99764251708984,141.0220947265625,381.44085693359375,62.92804718017578
2023-03-09,148.17510986328125,245.4879913330078,23.36186981201172,91.44979858398438,120.23958587646484,27.963680267333984,314.9256286621094,434.24005126953125,136.84713745117188,308.9216003417969,97.24024963378906,138.87635803222656,374.4033508300781,63.13906478881836
2023-03-10,146.11862182617188,241.85894775390625,22.892362594604492,89.77572631835938,123.29309844970703,27.716455459594727,301.65069580078125,431.4935607910156,137.1819305419922,307.1372375488281,96.03731536865234,138.14955139160156,369.0010070800781,63.895225524902344
2023-03-13,148.05702209472656,247.04466247558594,22.893356323242188,90.2511978149414,121.07907104492188,26.104928970336914,290.456298828125,434.6337585449219,138.4939422607422,316.3703308105469,94.93242645263672,137.31895446777344,368.4750061035156,64.40516662597656
2023-03-14,150.14303588867188,253.7286376953125,23.98689079284668,93.08423614501953,124.18793487548828,26.333837509155273,296.56903076171875,435.47735595703125,139.27210998535156,318.8857727050781,95.2888412475586,139.09263610839844,374.56591796875,64.0007095336914
2023-03-15,150.53662109375,258.25274658203125,24.1513671875,95.20407104492188,118.32077026367188,26.08661651611328,287.39990234375,436.2742004394531,139.6611785888672,321.22564697265625,90.54846954345703,133.07069396972656,372.22332763671875,64.66014099121094
2023-03-16,153.3507537841797,268.72137451171875,25.460214614868164,99.37438201904297,120.61782836914062,26.526123046875,290.0696105957031,442.4513244628906,139.37164306640625,321.28424072265625,90.02274322509766,133.49468994140625,378.7539978027344,64.35243225097656
2023-03-17,152.51437377929688,271.8638916015625,25.64362907409668,100.66211700439453,116.06063079833984,25.47313117980957,279.4367980957031,440.0892028808594,137.878662109375,320.9429931640625,88.96238708496094,131.8074951171875,374.3253479003906,64.81842041015625
2023-03-20,154.8759002685547,264.85888671875,25.818078994750977,100.2658920288086,117.28756713867188,25.40904426574707,284.9511413574219,447.0818786621094,139.24493408203125,325.25238037109375,91.28802490234375,133.74560546875,377.92474365234375,64.53706359863281
2023-03-21,156.72573852539062,266.36688232421875,26.116134643554688,103.93102264404297,120.43331146240234,26.178176879882812,292.0857238769531,450.02520751953125,139.24493408203125,322.7953796386719,95.3779525756836,137.8380889892578,382.8870849609375,64.3612060546875
2023-03-22,155.29901123046875,264.917236328125,26.3842830657959,102.39562225341797,117.32447052001953,25.308320999145508,288.7624206542969,445.7320251464844,136.6752471923828,322.6881408691406,93.19487762451172,135.03475952148438,376.3601989746094,64.9327392578125
2023-03-23,156.38136291503906,270.1418151855469,27.104997634887695,104.60460662841797,117.01082611083984,24.694839477539062,289.84869384765625,440.4734802246094,136.74761962890625,324.3164367675781,92.1434326171875,133.69371032714844,377.3776550292969,65.08219146728516
2023-03-24,157.68019104003906,272.97308349609375,26.694299697875977,104.44611358642578,115.23037719726562,24.850500106811523,287.749755859375,446.1725769042969,138.1229705810547,327.7190856933594,92.2503662109375,135.026123046875,379.85400390625,65.21409606933594
2023-03-27,155.74180603027344,268.8965148925781,26.447086334228516,101.49420928955078,118.53296661376953,26.08661651611328,293.2364196777344,451.7124328613281,138.71109008789062,326.2273254394531,94.2730484008789,136.40179443359375,380.56427001953125,64.53706359863281
2023-03-28,155.12188720703125,267.77764892578125,26.32646369934082,100.07769012451172,118.89273834228516,25.74782943725586,293.15362548828125,442.9761657714844,137.37200927734375,329.2010192871094,95.44923400878906,137.99380493164062,379.71002197265625,64.42274475097656
2023-03-29,158.19186401367188,272.9147033691406,26.898649215698242,100.4343032836914,119.13257598876953,26.25143051147461,295.2525939941406,437.3614807128906,138.7201690673828,327.465576171875,97.08877563476562,139.17916870117188,385.2290344238281,64.49311065673828
2023-03-30,159.75634765625,276.3587951660156,27.296384811401367,99.93901824951172,118.7728042602539,25.912641525268555,295.6392822265625,440.61407470703125,138.82875061035156,332.16497802734375,97.56100463867188,140.50296020507812,387.48468017578125,64.5810546875
2023-03-31,162.255615234375,280.4937438964844,27.68914222717285,102.75223541259766,120.21192169189453,26.187334060668945,301.1351318359375,442.9855651855469,140.2493133544922,334.82666015625,97.71248626708984,141.169189453125,392.9460754394531,64.9151382446289
2023-04-03,163.50523376464844,279.4527893066406,27.876548767089844,103.37629699707031,120.07354736328125,26.178176879882812,300.592041015625,463.2325744628906,141.9232940673828,341.9634704589844,103.47759246826172,147.04400634765625,394.4434814453125,65.19100952148438
2023-04-04,162.97393798828125,279.404052734375,27.36616325378418,103.73291015625,118.4683837890625,25.6196346282959,297.0292663574219,462.3514099121094,143.40721130371094,345.746337890625,102.488525390625,146.25662231445312,392.2550964355469,65.4554672241211
2023-04-05,161.1339111328125,276.6409606933594,26.795978546142578,103.48526000976562,118.64502716064453,25.308320999145508,295.9982604980469,477.3304138183594,149.84962463378906,353.17572021484375,104.24388885498047,146.9834442138672,391.22796630859375,65.63175964355469
2023-04-06,162.0194854736328,283.7043151855469,26.951480865478516,107.39803314208984,118.51485443115234,25.4914493560791,296.7991638183594,480.6861267089844,149.4333953857422,359.07440185546875,102.51525115966797,145.0540008544922,392.754150390625,65.61414337158203
2023-04-10,159.431640625,281.55419921875,27.49176788330078,105.43669128417969,118.90534210205078,25.58301544189453,299.1558837890625,482.9076232910156,148.68238830566406,357.8166198730469,102.0608139038086,145.60772705078125,393.1572265625,65.17342376708984
2023-04-11,158.22137451171875,275.1718444824219,27.083065032958984,104.35697937011719,119.49110412597656,26.28805160522461,301.37451171875,488.3349609375,148.6371612548828,354.93072509765625,102.78257751464844,146.4123992919922,393.2628479003906,65.1998519897461
2023-04-12,157.53260803222656,275.8139953613281,26.411195755004883,103.65367126464844,119.47248840332031,26.07746124267578,304.0166320800781,488.54119873046875,148.3204345703125,359.8153076171875,102.6756362915039,146.93154907226562,391.659912109375,65.27034759521484
2023-04-13,162.90504455566406,281.9920349121094,26.379295349121094,106.41735076904297,119.9280776977539,26.150707244873047,305.75653076171875,493.2654724121094,150.30206298828125,365.7626647949219,103.15681457519531,148.89556884765625,396.8622131347656,65.23511505126953
2023-04-14,162.56068420410156,278.39227294921875,26.673364639282227,107.84379577636719,128.98382568359375,27.029726028442383,310.1661682128906,479.72998046875,150.05772399902344,365.3532409667969,103.40631103515625,149.19837951660156,395.89276123046875,64.94422149658203
2023-04-17,162.58033752441406,280.980224609375,26.91659164428711,104.97112274169922,130.0065460205078,27.80801773071289,312.7070007324219,473.69342041015625,149.9039306640625,363.0327453613281,102.2033920288086,147.8832550048828,397.3133544921875,64.5916519165039
2023-04-18,163.8004913330078,280.5617980957031,27.579490661621094,103.51498413085938,131.4662322998047,27.981992721557617,307.39520263671875,472.87799072265625,145.6873779296875,360.6537780761719,104.19934844970703,147.53717041015625,397.5725402832031,64.68863677978516
2023-04-19,164.94186401367188,280.6396789550781,27.842653274536133,103.197998046875,131.2988739013672,27.524169921875,310.1386413574219,455.74310302734375,147.062744140625,361.1998596191406,103.86964416503906,147.6756134033203,397.50531005859375,64.60045623779297
2023-04-20,163.97756958007812,278.36297607421875,27.018268585205078,104.29753112792969,130.9176788330078,27.377668380737305,311.8140869140625,456.924072265625,148.01280212402344,365.43115234375,103.04096984863281,146.95748901367188,395.33612060546875,64.88251495361328
2023-04-21,162.37371826171875,278.0224914550781,27.033222198486328,104.41641235351562,130.6666259765625,27.35019874572754,314.5298156738281,453.51220703125,147.20755004882812,375.60015869140625,103.37066650390625,146.3258819580078,395.64324951171875,64.76793670654297
2023-04-24,162.6787109375,274.1405029296875,26.956464767456055,104.97112274169922,130.8433074951172,27.249479293823242,316.6471252441406,458.3114318847656,148.10330200195312,373.7574768066406,105.32206726074219,148.36782836914062,396.05596923828125,65.0235595703125
2023-04-25,161.14376831054688,267.9624938964844,26.157997131347656,102.87110137939453,127.99827575683594,26.407089233398438,312.5229187011719,461.1047058105469,149.4605255126953,375.21014404296875,103.82508850097656,146.21339416503906,389.76904296875,65.44666290283203
2023-04-26,161.1339111328125,287.3723449707031,26.8707332611084,102.732421875,125.72969818115234,26.040834426879883,309.834716796875,452.6966247558594,147.14413452148438,366.8546447753906,102.87166595458984,143.6090850830078,388.1181335449219,65.21748352050781
2023-04-27,165.70933532714844,296.5762023925781,27.1398868560791,106.57585906982422,127.42185974121094,26.45286750793457,314.47454833984375,459.7455749511719,147.48800659179688,380.5823059082031,104.10132598876953,144.4483642578125,395.8448486328125,64.9354248046875
2023-04-28,166.95896911621094,298.94036865234375,27.661230087280273,106.32821655273438,128.52822875976562,26.80997085571289,316.16851806640625,461.26409912109375,148.1214141845703,385.9544372558594,105.44680786132812,145.85865783691406,399.2234191894531,65.29679870605469
2023-05-01,166.8704071044922,297.2864074707031,28.81855583190918,106.18953704833984,131.28028869628906,26.59022331237793,313.5263366699219,464.6479797363281,148.03089904785156,395.6554260253906,102.17665100097656,144.6992950439453,398.8203125,64.62529754638672
2023-05-02,165.83724975585938,297.1404113769531,28.120771408081055,104.32725524902344,129.16046142578125,25.784454345703125,306.8980407714844,462.48260498046875,149.3247833251953,394.0857849121094,98.10455322265625,138.46969604492188,394.337890625,65.26146697998047
2023-05-03,164.7647705078125,296.1578063964844,27.71406364440918,104.41641235351562,126.42700958251953,25.5097599029541,302.5528869628906,458.780029296875,147.3704071044922,420.4003601074219,96.17098236083984,135.6923370361328,391.6311950683594,65.53539276123047
2023-05-04,163.1313018798828,297.1404113769531,27.47481918334961,103.70318603515625,124.6976547241211,24.713153839111328,295.7497253417969,456.7554016113281,146.70082092285156,417.7192077636719,94.48689270019531,135.16455078125,388.85723876953125,65.4469985961914
2023-05-05,170.78662109375,302.23858642578125,28.58928680419922,104.57489776611328,127.1336441040039,25.37241554260254,301.05230712890625,463.3169250488281,147.198486328125,417.10498046875,96.83927917480469,138.6167755126953,396.05596923828125,65.20843505859375
2023-05-08,170.71771240234375,300.292724609375,29.058792114257812,106.75415802001953,127.4404296875,25.354101181030273,300.582763671875,461.76092529296875,146.86366271972656,421.8921203613281,97.222412109375,138.07168579101562,396.16156005859375,64.89918518066406
2023-05-09,169.01544189453125,298.6873779296875,28.48063087463379,106.3381118774414,126.8268051147461,25.326631546020508,298.98095703125,459.66119384765625,145.7235870361328,417.66070556640625,97.2491455078125,137.67367553710938,394.4242858886719,64.8284912109375
2023-05-10,170.7767791748047,303.8536376953125,28.793636322021484,110.69664001464844,126.89186096191406,25.01531410217285,296.937255859375,459.3706970214844,146.2664794921875,425.0120544433594,96.00167846679688,135.91729736328125,396.26708984375,65.22611999511719
2023-05-11,170.96372985839844,301.7131652832031,28.48760986328125,115.47120666503906,126.49208068847656,25.079410552978516,295.2525939941406,458.1427001953125,145.66928100585938,424.65130615234375,94.26412200927734,135.16455078125,395.5760803222656,65.43815612792969
2023-05-12,170.03749084472656,300.6040954589844,28.2503604888916,116.40235900878906,124.67910766601562,24.804718017578125,294.1294250488281,460.45794677734375,145.47926330566406,424.6610412597656,94.25521087646484,135.51065063476562,395.0577087402344,65.09357452392578
2023-05-15,169.54486083984375,301.08074951171875,28.861419677734375,115.4117660522461,125.72969818115234,25.317476272583008,296.495361328125,456.3617248535156,144.36634826660156,424.7392578125,94.43498229980469,136.01246643066406,396.4206848144531,64.92568969726562
2023-05-16,169.54486083984375,303.2990417480469,29.12059783935547,118.38349151611328,124.88363647460938,25.051939010620117,295.33544921875,449.6689758300781,144.17630004882812,426.83111572265625,92.14308166503906,132.81980895996094,393.7716064453125,64.76663970947266
2023-05-17,170.15574645996094,306.16571044921875,30.082548141479492,119.70096588134766,128.72348022460938,26.159862518310547,303.9613342285156,454.4401550292969,143.859619140625,427.6326904296875,94.21028137207031,134.72329711914062,398.5515441894531,64.65180206298828
2023-05-18,172.48110961914062,310.57293701171875,31.577804565429688,121.67220306396484,129.69970703125,26.068300247192383,303.40899658203125,449.2096862792969,143.39817810058594,428.04327392578125,95.06411743164062,134.5572967529297,402.3908996582031,64.38670349121094
2023-05-19,172.5895233154297,310.39739990234375,31.16511344909668,121.60287475585938,129.40216064453125,25.73867416381836,300.25140380859375,448.82537841796875,143.7872314453125,432.4322814941406,95.50453186035156,135.6232147216797,401.805419921875,64.2099838256836
2023-05-22,171.64356994628906,313.1665954589844,31.077390670776367,123.87129211425781,128.33299255371094,25.94927215576172,299.11907958984375,450.5126037597656,143.01231384277344,424.23095703125,94.34510040283203,133.18557739257812,401.9685363769531,64.19232177734375
2023-05-23,169.0423126220703,307.394287109375,30.590932846069336,121.40474700927734,126.99415588378906,26.169021606445312,297.87628173828125,449.40655517578125,142.9576416015625,413.6933898925781,95.63035583496094,137.03857421875,397.4573059082031,64.23651123046875
2023-05-24,169.3181915283203,306.0195007324219,30.441410064697266,119.76041412353516,125.83196258544922,25.72951316833496,294.41485595703125,450.70941162109375,142.82086181640625,416.19580078125,96.69990539550781,137.40554809570312,394.57781982421875,64.05980682373047
2023-05-25,170.45135498046875,317.7883605957031,37.859867095947266,122.31607055664062,126.13877868652344,25.793611526489258,298.16162109375,447.7755126953125,140.7696533203125,417.7011413574219,94.96526336669922,135.03781127929688,397.9948425292969,63.82122802734375
2023-05-26,172.8555450439453,324.58441162109375,38.82281494140625,123.43543243408203,127.31958770751953,25.921796798706055,305.6461181640625,451.3561706542969,140.71493530273438,416.21539306640625,94.34510040283203,134.6184539794922,403.14910888671875,63.90073013305664
2023-05-30,174.6980743408203,322.9463195800781,39.984130859375,122.50428009033203,127.80303192138672,25.87601661682129,304.5597229003906,449.7908020019531,140.73313903808594,417.6327209472656,93.50923156738281,133.77969360351562,403.30267333984375,64.32489013671875
2023-05-31,174.64881896972656,320.19671630859375,37.71433639526367,121.71183013916016,126.17599487304688,25.445669174194336,300.4504699707031,456.7178955078125,141.3622283935547,419.80279541015625,91.83750915527344,131.59547424316406,401.0663146972656,64.53694152832031
2023-06-01,177.44712829589844,324.28216552734375,39.64420700073242,122.55381774902344,127.91462707519531,25.63948631286621,293.49346923828125,462.7076721191406,140.88812255859375,426.6747741699219,92.89805603027344,132.94097900390625,404.8768615722656,64.71142578125
2023-06-02,178.2945098876953,327.03179931640625,39.20260238647461,123.49485778808594,130.60157775878906,26.49782371520996,300.2185974121094,468.28485107421875,143.10348510742188,432.3834533691406,95.0551528930664,136.52308654785156,410.73187255859375,64.3482437133789
2023-06-05,176.94459533691406,327.5582580566406,39.0471076965332,124.82223510742188,129.3185272216797,26.340927124023438,298.51177978515625,466.98193359375,144.33424377441406,434.27001953125,94.63270568847656,135.8677978515625,409.94476318359375,64.35710906982422
2023-06-06,176.58006286621094,325.3547058105469,38.5317497253418,126.10997009277344,129.55096435546875,26.977760314941406,303.1405334472656,457.0272521972656,144.20657348632812,433.10675048828125,95.40567016601562,136.1124267578125,410.8374328613281,64.44568634033203
2023-06-07,175.21046447753906,315.31170654296875,37.360328674316406,121.34532165527344,130.80612182617188,27.208499908447266,311.4425048828125,451.9280700683594,144.51654052734375,426.55743408203125,97.54476165771484,139.64219665527344,409.4168395996094,64.08248138427734
2023-06-08,177.9200897216797,317.1447448730469,38.39216995239258,120.98870086669922,130.8433074951172,26.977760314941406,311.1828308105469,459.5206298828125,146.10284423828125,435.6385803222656,97.23918151855469,139.12669372558594,411.893310546875,64.40137481689453
2023-06-09,178.3043975830078,318.6366271972656,38.651363372802734,121.0778579711914,131.10365295410156,27.014678955078125,311.6930236816406,462.6982116699219,145.8749542236328,436.010009765625,96.52013397216797,138.79473876953125,412.6322937011719,64.26852416992188
2023-06-12,181.09286499023438,323.5703430175781,39.36118698120117,122.47457122802734,131.09432983398438,26.885467529296875,314.9117736816406,461.7327880859375,145.77464294433594,435.2963562011719,95.6483383178711,137.45794677734375,416.37567138671875,64.40137481689453
2023-06-13,180.61988830566406,325.9494323730469,40.896480560302734,122.66277313232422,132.0426788330078,27.134660720825195,317.7038879394531,460.5329284667969,146.54046630859375,435.6972351074219,95.66632080078125,138.4888916015625,419.1207580566406,64.11791229248047
2023-06-14,181.25050354003906,328.92333984375,42.86543273925781,122.50428009033203,131.54991149902344,26.87623405456543,313.9193115234375,431.05303955078125,147.2880401611328,437.6521911621094,94.51585388183594,137.2482452392578,419.619873046875,64.17108154296875
2023-06-15,183.2802734375,339.4149169921875,42.522491455078125,123.91089630126953,133.0375213623047,27.106971740722656,315.1437072753906,438.49798583984375,149.2663116455078,443.7225036621094,95.1719741821289,138.28794860839844,424.82220458984375,64.56969451904297
2023-06-16,182.2062530517578,333.78887939453125,42.561370849609375,122.36560821533203,133.195556640625,26.940841674804688,313.81719970703125,431.5331115722656,149.72213745117188,437.6424255371094,94.48889923095703,137.39678955078125,423.37518310546875,64.427978515625
2023-06-20,182.29495239257812,329.6156311035156,43.673954010009766,121.93966674804688,132.51686096191406,26.645496368408203,306.7767639160156,441.79229736328125,149.63096618652344,441.787109375,92.32284545898438,134.26895141601562,421.1785888671875,64.51654052734375
2023-06-21,181.26034545898438,325.2377014160156,42.91328811645508,119.41370391845703,132.32159423828125,26.36861228942871,301.5357666015625,448.719482421875,149.40306091308594,442.8134460449219,93.35643768310547,135.3174285888672,419.02056884765625,64.62284088134766
2023-06-22,184.25575256347656,331.2342224121094,42.893348693847656,121.98918914794922,129.7741241455078,25.805612564086914,296.4432067871094,450.8842468261719,150.98934936523438,447.38824462890625,92.84413146972656,133.3603515625,420.5331115722656,64.31280517578125
2023-06-23,183.9404296875,326.6612854003906,42.07984161376953,121.18682098388672,129.09539794921875,25.611799240112305,291.92578125,448.95477294921875,150.86170959472656,448.5220642089844,92.03523254394531,132.23326110839844,417.3539123535156,64.49885559082031
2023-06-26,182.55111694335938,320.4014892578125,40.50767135620117,117.22452545166016,129.4114990234375,25.92559814453125,289.74591064453125,450.8936462402344,149.17515563964844,442.57891845703125,93.73392486572266,134.5572967529297,415.64874267578125,64.57856750488281
2023-06-27,185.30018615722656,326.2225036621094,41.74786376953125,117.2146224975586,129.42080688476562,26.064041137695312,290.757080078125,454.1878662109375,148.86517333984375,454.0549011230469,93.96762084960938,134.13792419433594,420.20556640625,64.45455169677734
2023-06-28,186.47271728515625,327.47052001953125,40.99118423461914,119.04718017578125,128.8536376953125,25.90713882446289,290.9518737792969,446.5547180175781,148.56434631347656,448.3852844238281,94.73158264160156,135.35235595703125,420.4175109863281,64.65828704833984
2023-06-29,186.8077392578125,326.6905212402344,40.697086334228516,117.97737121582031,133.35362243652344,26.45168113708496,299.6991271972656,448.4277038574219,149.60362243652344,454.0450439453125,95.89999389648438,136.50563049316406,422.07452392578125,64.17108154296875
2023-06-30,191.12344360351562,332.0435485839844,42.17255783081055,118.57169342041016,135.22242736816406,26.479368209838867,299.18896484375,452.3807678222656,150.898193359375,458.4341735839844,96.39432525634766,137.4754180908203,427.05535888671875,64.39252471923828
2023-07-03,189.6356201171875,329.55712890625,42.2832145690918,118.76982879638672,136.31019592285156,26.950071334838867,302.96429443359375,449.7830810546875,148.91990661621094,451.04412841796875,96.58307647705078,137.35311889648438,427.5466613769531,64.20960235595703
2023-07-05,188.52220153808594,329.7131652832031,42.187522888183594,120.60238647460938,135.40219116210938,26.83931541442871,296.87921142578125,443.5146789550781,148.42758178710938,455.2279357910156,96.0887451171875,136.56675720214844,426.9107971191406,63.94316101074219
2023-07-06,188.99513244628906,332.75531005859375,41.974178314208984,118.97784423828125,134.06349182128906,26.1009578704834,290.3396301269531,441.7640075683594,147.32449340820312,452.79388427734375,92.50259399414062,133.57003784179688,423.5677795410156,63.53462600708008
2023-07-07,187.8817138671875,328.8063659667969,42.372947692871094,118.3537826538086,135.12132263183594,26.33169937133789,292.3524475097656,434.4414367675781,145.1820526123047,441.9141845703125,92.71829986572266,134.7407684326172,422.4984130859375,63.49912643432617
2023-07-10,185.8421173095703,323.5508117675781,42.050933837890625,115.35233306884766,135.87957763671875,26.45168113708496,293.5583801269531,435.8249816894531,145.41909790039062,442.96990966796875,94.09344482421875,135.6406707763672,423.5677795410156,63.72112274169922
2023-07-11,185.31991577148438,324.17486572265625,42.27524948120117,116.03582763671875,138.0045928955078,26.783939361572266,297.64910888671875,435.6744384765625,144.61683654785156,429.509521484375,95.24388122558594,138.1481475830078,426.26531982421875,63.85433578491211
2023-07-12,186.98509216308594,328.786865234375,43.767662048339844,117.80896759033203,138.68798828125,27.097742080688477,302.76947021484375,425.14239501953125,144.1154327392578,430.69232177734375,95.71126556396484,139.4761505126953,429.6950378417969,64.36056518554688
2023-07-13,187.7437744140625,334.1106872558594,45.836326599121094,123.36608123779297,139.36199951171875,27.38385772705078,304.88433837890625,421.424560546875,144.78091430664062,424.9250183105469,93.95860290527344,137.6151885986328,433.10540771484375,64.75132751464844
2023-07-14,187.89158630371094,336.62628173828125,45.329872131347656,124.23779296875,140.2045135498047,26.867008209228516,302.5746765136719,451.9384460449219,145.747314453125,439.35308837890625,90.72301483154297,134.18161010742188,432.8357238769531,64.44938659667969
2023-07-17,191.14315795898438,337.1040344238281,46.3188362121582,123.47505950927734,143.58401489257812,27.134660720825195,303.5115966796875,455.6185302734375,145.0179901123047,437.08526611328125,91.11846160888672,134.0592803955078,434.338623046875,64.52041625976562
2023-07-18,190.88697814941406,350.5207214355469,47.34867477416992,122.59343719482422,143.84609985351562,28.33449363708496,312.85260009765625,470.60247802734375,145.00885009765625,441.0539855957031,90.70503234863281,134.33010864257812,437.56597900390625,64.60038757324219
2023-07-19,192.2368927001953,346.22076416015625,46.93294906616211,120.87975311279297,144.39837646484375,29.10053825378418,315.89501953125,474.0849609375,144.71713256835938,443.3609313964844,91.33419799804688,135.15138244628906,438.5390625,64.75132751464844
2023-07-20,190.2957763671875,338.2155456542969,45.380714416503906,118.076416015625,146.17706298828125,29.248210906982422,325.4586181640625,474.5932312011719,153.50552368164062,453.39019775390625,92.94300079345703,136.64541625976562,435.6294860839844,64.44938659667969
2023-07-21,189.1232147216797,335.1929626464844,44.173423767089844,118.8886947631836,145.05369567871094,29.515865325927734,326.47900390625,476.7485656738281,155.1556854248047,451.65020751953125,93.37442016601562,138.6461639404297,435.6294860839844,64.4937744140625
2023-07-24,189.9213409423828,336.4995422363281,44.47548294067383,120.38446807861328,147.9088897705078,30.134241104125977,332.94439697265625,478.7721862792969,155.967041015625,448.9913330078125,94.83941650390625,141.38082885742188,437.5756530761719,64.38719177246094
2023-07-25,190.77859497070312,342.22308349609375,45.53923416137695,121.05805206298828,146.8042449951172,29.672767639160156,329.02069091796875,480.8898620605469,157.16128540039062,447.2514953613281,94.98323059082031,142.02735900878906,438.7702941894531,64.31615447998047
2023-07-26,191.64569091796875,329.3426513671875,45.31291961669922,128.05149841308594,147.68423461914062,29.912731170654297,331.6736145019531,478.1321105957031,157.46214294433594,443.39019775390625,94.45294189453125,140.96144104003906,438.8377685546875,64.529296875
2023-07-27,190.38449096679688,322.4685363769531,45.75955581665039,128.18026733398438,146.05535888671875,29.488178253173828,328.8443908691406,475.52508544921875,158.34645080566406,444.7586669921875,94.74954223632812,139.49366760253906,435.9281921386719,63.97867202758789
2023-07-28,192.95616149902344,329.92767333984375,46.606956481933594,131.33030700683594,146.8885040283203,29.442031860351562,327.6570739746094,473.3414001464844,159.06668090820312,448.1703186035156,93.61709594726562,138.80340576171875,440.1960754394531,64.20071411132812
2023-07-31,193.56704711914062,327.538818359375,46.58601379394531,131.468994140625,147.87147521972656,29.534324645996094,330.1059265136719,476.59796142578125,152.7306365966797,444.32861328125,96.38533020019531,142.98841857910156,441.0342102050781,64.31615447998047
2023-08-01,192.73939514160156,327.9482727050781,46.36469650268555,130.30999755859375,147.14126586914062,29.183603286743164,331.822021484375,475.0638732910156,153.97052001953125,442.9013977050781,95.82808685302734,141.8002166748047,439.77215576171875,63.918121337890625
2023-08-02,189.75384521484375,319.328857421875,44.133544921875,127.16989135742188,145.47491455078125,28.786739349365234,325.6812438964844,475.12030029296875,154.90037536621094,444.2602844238281,94.63270568847656,139.5547637939453,433.6546630859375,63.71329879760742
2023-08-03,188.364501953125,318.5098571777344,44.3787956237793,127.23922729492188,146.36427307128906,28.989782333374023,327.5920715332031,475.17669677734375,155.56590270996094,439.05987548828125,96.27748107910156,139.5023651123047,432.4118347167969,63.321495056152344
2023-08-04,179.31927490234375,319.6018371582031,44.54328918457031,126.9024429321289,146.05535888671875,28.888259887695312,327.6478271484375,473.1720275878906,154.10723876953125,439.3824462890625,96.54710388183594,139.18783569335938,430.4561462402344,63.84685516357422
2023-08-07,176.22535705566406,321.87371826171875,45.27803421020508,130.29022216796875,146.7480926513672,29.423568725585938,329.81842041015625,480.7110595703125,157.80857849121094,443.8691711425781,96.34937286376953,139.694580078125,434.21337890625,63.748931884765625
2023-08-08,177.16139221191406,317.9150695800781,44.52733612060547,130.16140747070312,145.92430114746094,28.860572814941406,323.0468444824219,476.117919921875,157.8815155029297,509.870849609375,96.82575225830078,139.48492431640625,432.3251647949219,63.980438232421875
2023-08-09,175.57501220703125,314.19036865234375,42.42379379272461,128.43783569335938,143.96775817871094,28.482166290283203,317.8801574707031,472.5884094238281,157.78121948242188,514.396728515625,98.47050476074219,139.66839599609375,429.4349365234375,63.998260498046875
2023-08-10,175.35824584960938,314.8728942871094,42.258304595947266,128.46754455566406,143.75247192382812,28.556001663208008,315.75592041015625,473.8778991699219,156.9607391357422,509.61676025390625,98.97381591796875,140.51585388183594,429.5890808105469,63.64204406738281
2023-08-11,175.41746520996094,313.0008239746094,40.72999572753906,128.33877563476562,144.5856170654297,28.879030227661133,316.0619812011719,478.1416015625,158.49232482910156,516.4006958007812,100.51073455810547,143.41648864746094,429.33856201171875,63.43723678588867
2023-08-14,177.06520080566406,315.9551696777344,43.61912155151367,130.0920867919922,144.8851776123047,28.546768188476562,313.28851318359375,480.8898620605469,158.11856079101562,527.0294189453125,100.59164428710938,143.31167602539062,431.70855712890625,63.35710906982422
2023-08-15,175.0819854736328,313.8295593261719,43.80554962158203,128.55670166015625,141.1968231201172,27.633052825927734,308.1587829589844,476.8992004394531,157.66268920898438,535.4736328125,98.00910186767578,139.12669372558594,426.67962646484375,63.21463394165039
2023-08-16,174.21376037597656,313.0675048828125,43.35293960571289,127.48689270019531,140.59771728515625,27.03313636779785,305.28326416015625,473.9531555175781,157.16128540039062,535.1013793945312,96.35990905761719,138.59375,423.54852294921875,63.036537170410156
2023-08-17,171.67807006835938,309.62799072265625,43.21137237548828,128.69537353515625,139.1373291015625,27.023902893066406,303.8083801269531,464.9175720214844,158.63819885253906,526.6962280273438,98.2265853881836,140.9136505126953,420.3211669921875,62.9742317199707
2023-08-18,172.16151428222656,309.2371520996094,43.16651153564453,126.25856018066406,139.45562744140625,26.867008209228516,301.4058837890625,469.1342468261719,157.25247192382812,535.28759765625,99.71265411376953,141.92803955078125,420.5234680175781,63.10777282714844
2023-08-21,173.49349975585938,314.5135803222656,46.82328796386719,127.16000366210938,139.93304443359375,26.9039249420166,298.74371337890625,468.4189147949219,152.56654357910156,538.8336791992188,98.50749206542969,141.4517059326172,423.2595520019531,62.805015563964844
2023-08-22,174.8649139404297,315.0803527832031,45.528255462646484,127.86328887939453,137.03103637695312,26.248628616333008,295.71044921875,463.3928527832031,151.35401916503906,542.3699951171875,97.9547348022461,140.287353515625,422.11309814453125,62.88518142700195
2023-08-23,178.7030487060547,319.5163879394531,46.971839904785156,131.1222686767578,137.95782470703125,26.257858276367188,298.9941101074219,460.6633605957031,149.99566650390625,542.0762329101562,97.0938949584961,140.47259521484375,426.814453125,63.45508575439453
2023-08-24,174.02627563476562,312.6473388671875,47.01868438720703,128.55670166015625,137.8267364501953,26.414762496948242,296.7957458496094,459.4022216796875,150.50616455078125,536.8255004882812,96.36897277832031,139.31704711914062,420.89923095703125,63.30369186401367
2023-08-25,176.2265167236328,315.58843994140625,45.877197265625,128.65576171875,137.6582794189453,26.30400848388672,296.97198486328125,460.36224365234375,152.66415405273438,542.3603515625,98.09066772460938,140.35791015625,423.86651611328125,63.30369186401367
2023-08-28,177.7854461669922,316.2919921875,46.69169235229492,129.7751007080078,138.1356964111328,26.543970108032227,302.3706359863281,462.39520263671875,150.86428833007812,542.624755859375,98.91526794433594,141.31939697265625,426.55438232421875,63.419437408447266
2023-08-29,181.66297912597656,320.8941345214844,48.634727478027344,133.30154418945312,139.259033203125,26.92238426208496,308.4742431640625,463.8539733886719,150.88267517089844,542.6053466796875,99.50425720214844,141.098876953125,432.7200927734375,63.81122970581055
2023-08-30,185.1458740234375,321.2655029296875,49.113258361816406,134.5991973876953,138.69735717773438,26.802404403686523,307.3331298828125,462.63043212890625,150.35006713867188,536.815673828125,100.47383880615234,141.29293823242188,434.5024108886719,63.7845344543457
2023-08-31,185.36294555664062,320.2590637207031,49.203983306884766,134.88648986816406,136.98422241210938,26.681413650512695,306.51934814453125,448.5594482421875,148.4675750732422,542.8991088867188,100.7547378540039,142.10447692871094,433.8665771484375,63.891422271728516
2023-09-01,186.93173217773438,321.1383972167969,48.360565185546875,134.38128662109375,137.4429168701172,26.969911575317383,306.2294006347656,448.2394714355469,147.3656463623047,545.749755859375,102.86607360839844,144.9271240234375,434.67584228515625,63.5842399597168
2023-09-05,187.1685333251953,325.91650390625,48.39945602416992,134.49021911621094,135.9264373779297,26.662803649902344,302.81549072265625,452.540771484375,147.54930114746094,546.8078002929688,102.87512969970703,146.8324432373047,432.7971496582031,63.23601150512695
2023-09-06,180.46913146972656,325.26190185546875,46.920867919921875,133.19256591796875,135.7017364501953,26.420839309692383,300.3648986816406,448.8983154296875,145.0974884033203,548.5317993164062,103.7631607055664,146.98240661621094,429.8877258300781,63.16457748413086
2023-09-07,175.1905059814453,322.35980224609375,46.103309631347656,133.9850311279297,134.54092407226562,26.178869247436523,301.1412048339844,456.30560302734375,146.95242309570312,561.5410766601562,103.25569915771484,146.99122619628906,428.5678405761719,63.37885284423828
2023-09-08,175.80224609375,326.6200256347656,45.43629837036133,135.094482421875,134.64390563964844,26.392915725708008,304.4709777832031,454.2646789550781,147.43911743164062,574.5012817382812,104.75990295410156,147.4940185546875,429.21331787109375,63.3967170715332
2023-09-11,176.9665069580078,330.2060546875,45.0434684753418,135.62936401367188,135.23367309570312,26.504592895507812,303.6571960449219,452.9513244628906,149.3675079345703,583.4156494140625,103.44600677490234,144.45079040527344,432.0361633300781,63.29850769042969
2023-09-12,173.94737243652344,324.1772155761719,44.736392974853516,134.0642852783203,136.99359130859375,26.96060562133789,309.5031433105469,453.442626953125,150.2123260498047,587.0795288085938,106.46347045898438,147.1411895751953,429.66619873046875,63.343143463134766
2023-09-13,171.88523864746094,328.3690185546875,45.34955978393555,135.42137145996094,137.0591278076172,26.87685203552246,313.3193359375,453.3859558105469,150.5888214111328,586.66796875,105.51201629638672,146.60313415527344,430.1671142578125,63.44136047363281
2023-09-14,173.3948211669922,330.9486389160156,45.44527816772461,136.7982940673828,139.7177276611328,27.174654006958008,322.2891540527344,456.93865966796875,150.3592529296875,579.5462036132812,107.39682006835938,147.5116729736328,433.87615966796875,63.334224700927734
2023-09-15,172.67454528808594,322.6627197265625,43.7692756652832,136.10488891601562,139.30584716796875,26.839624404907227,320.3904724121094,459.8677673339844,148.25640869140625,563.9215698242188,105.74760437011719,146.8677215576172,428.64874267578125,63.209205627441406
2023-09-18,175.5950469970703,321.52923583984375,43.8350830078125,136.90724182128906,139.5960235595703,26.76517105102539,321.1199951171875,459.2630310058594,149.19302368164062,559.630859375,106.59940338134766,147.5028076171875,428.90008544921875,63.27172088623047
2023-09-19,176.6803741455078,321.128662109375,43.39040756225586,136.73883056640625,139.4181365966797,26.662803649902344,319.7825012207031,454.1607971191406,148.94509887695312,563.2359619140625,106.3184814453125,147.4851837158203,428.0106506347656,63.13777542114258
2023-09-20,173.1481475830078,313.4289855957031,42.113224029541016,132.47938537597656,138.8284454345703,26.56974220275879,314.9280700683594,464.9984130859375,149.59707641601562,558.0243530273438,105.47576904296875,147.03529357910156,424.0757751464844,63.05742263793945
2023-09-21,171.6089630126953,312.21734619140625,40.89486312866211,129.21046447753906,137.7425079345703,26.104419708251953,308.88580322265625,473.51171875,148.44921875,538.9121704101562,103.98970031738281,145.71217346191406,417.0664978027344,62.664546966552734
2023-09-22,172.4574737548828,309.7550354003906,41.48609924316406,129.0222625732422,136.42254638671875,25.72286033630371,306.6877746582031,478.1982421875,147.384033203125,539.3135375976562,104.15280151367188,146.6736602783203,416.12872314453125,62.923492431640625
2023-09-25,173.7303009033203,310.2729187011719,42.09627151489258,129.8741455078125,137.0965576171875,25.685632705688477,307.5763244628906,482.1477355957031,147.1636199951172,541.0279541015625,105.32172393798828,148.817138671875,417.8785400390625,62.45915222167969
2023-09-26,169.665283203125,304.9964599609375,41.78620529174805,127.35810852050781,135.67364501953125,25.28546142578125,302.8809509277344,477.58404541015625,146.02496337890625,538.7944946289062,105.4848403930664,148.0144500732422,411.7394714355469,62.396671295166016
2023-09-27,168.15565490722656,305.6316223144531,42.34153747558594,129.30953979492188,136.4693603515625,25.378522872924805,301.1318359375,475.9588623046875,144.2710418701172,538.5496215820312,108.91914367675781,150.87237548828125,411.90380859375,62.17341232299805
2023-09-28,168.41221618652344,306.462158203125,42.96068572998047,131.06285095214844,138.1637725830078,25.648408889770508,304.1717224121094,481.97772216796875,144.0598602294922,533.3479614257812,108.25765228271484,150.47547912597656,414.29180908203125,62.334171295166016
2023-09-29,168.92526245117188,308.5238952636719,43.36947250366211,129.6265106201172,135.75790405273438,25.480892181396484,302.64715576171875,476.3935241699219,143.0221710205078,526.1773071289062,106.54502868652344,148.73776245117188,413.2862548828125,62.307369232177734
2023-10-02,171.43136596679688,314.4354248046875,44.64864730834961,132.9053192138672,134.58775329589844,24.848058700561523,297.9049072265625,486.20135498046875,142.47122192382812,527.3134765625,104.77804565429688,146.90301513671875,413.1219787597656,61.87937545776367
2023-10-03,170.09938049316406,306.2179260253906,43.387413024902344,131.18173217773438,133.59547424316406,24.112852096557617,286.325439453125,481.3824157714844,142.64569091796875,514.4806518554688,104.95928192138672,147.24700927734375,407.5918884277344,61.37799072265625
2023-10-04,171.3425750732422,311.66033935546875,43.90985107421875,133.96524047851562,134.19454956054688,24.140771865844727,288.64508056640625,482.468994140625,142.81097412109375,520.6228637695312,101.03564453125,143.81570434570312,410.55999755859375,61.7808952331543
2023-10-05,172.575927734375,312.05120849609375,44.554931640625,133.79684448242188,134.76036071777344,24.2524471282959,290.4221496582031,487.7698059082031,144.29859924316406,530.4385375976562,98.76119995117188,144.57431030273438,410.4052734375,61.82566452026367
2023-10-06,175.1214599609375,319.7704772949219,45.62574005126953,136.28317260742188,136.83506774902344,24.26175308227539,292.2742004394531,495.8768005371094,144.7577362060547,553.6943969726562,97.11200714111328,143.10121154785156,415.2778625488281,61.58391571044922
2023-10-09,176.60145568847656,322.27191162109375,45.138187408447266,137.11524963378906,136.5238494873047,24.485107421875,292.39581298828125,497.48297119140625,145.5841827392578,560.10107421875,100.51007843017578,147.06175231933594,417.93658447265625,62.21066665649414
2023-10-10,176.00946044921875,320.8746337890625,45.6616325378418,136.75863647460938,137.35374450683594,25.13655662536621,294.4161071777344,495.338134765625,145.4188995361328,567.4970092773438,100.08416748046875,146.90301513671875,420.1119384765625,62.14799118041992
2023-10-11,177.40065002441406,324.81231689453125,46.66661834716797,139.2251739501953,137.82525634765625,25.145864486694336,292.7792663574219,495.2342529296875,143.41702270507812,592.9375,96.495849609375,142.10447692871094,421.83282470703125,62.434513092041016
2023-10-12,178.2985076904297,323.5812072753906,46.805206298828125,137.6600799560547,137.50465393066406,25.03418731689453,289.8143310546875,496.56646728515625,143.55477905273438,598.051025390625,96.47771453857422,142.21908569335938,419.2611083984375,61.897281646728516
2023-10-13,176.4633026123047,320.2297058105469,45.325626373291016,136.06524658203125,139.56991577148438,24.903894424438477,289.2998352050781,509.66229248046875,144.0323028564453,596.777587890625,99.55862426757812,144.71542358398438,417.1728210449219,62.183807373046875
2023-10-16,176.3350372314453,325.0273132324219,45.957740783691406,137.78883361816406,139.42843627929688,25.117942810058594,294.06072998046875,508.3679504394531,144.65672302246094,604.06591796875,99.631103515625,145.89743041992188,421.5621032714844,61.861473083496094
2023-10-17,174.78598022460938,324.4605712890625,43.807167053222656,138.4030303955078,139.1266632080078,25.704248428344727,289.35595703125,507.0639953613281,143.3343963623047,595.9056396484375,100.93596649169922,147.82920837402344,421.5427551269531,61.458560943603516
2023-10-18,173.49349975585938,322.5552062988281,42.070350646972656,136.6596221923828,137.5989227294922,25.415746688842773,282.4344787597656,506.5064697265625,140.24896240234375,594.8575439453125,102.34955596923828,149.00238037109375,415.9256896972656,61.189937591552734
2023-10-19,173.11854553222656,323.737548828125,41.97563934326172,136.45156860351562,137.01425170898438,25.090023040771484,279.843505859375,502.32073974609375,139.8724822998047,578.7528076171875,102.4129867553711,149.16116333007812,412.2712097167969,60.92132568359375
2023-10-20,170.57298278808594,319.1940002441406,41.26375961303711,134.32183837890625,134.8075408935547,24.485107421875,280.6479187011719,497.974365234375,140.49691772460938,572.7183837890625,100.6550521850586,147.15882873535156,407.2052001953125,61.145172119140625
2023-10-23,170.69139099121094,321.7833251953125,42.84703826904297,135.21334838867188,132.9686279296875,23.79643440246582,279.8716125488281,492.8152770996094,139.01846313476562,564.8912353515625,99.17803192138672,141.73397827148438,406.4994201660156,61.37799072265625
2023-10-24,171.12551879882812,322.96563720703125,43.53298568725586,137.50155639648438,133.12893676757812,23.703372955322266,279.834228515625,496.0562744140625,138.8715362548828,580.3495483398438,98.21752166748047,138.17913818359375,409.5641784667969,61.58391571044922
2023-10-25,168.81675720214844,332.87359619140625,41.65459442138672,124.42601013183594,132.4027557373047,23.77782440185547,277.5706787109375,500.9790344238281,139.18377685546875,574.5012817382812,98.39875030517578,137.4910888671875,403.68597412109375,61.11830520629883
2023-10-26,164.6629180908203,320.3860778808594,40.2059211730957,121.12739562988281,132.7422637939453,24.308286666870117,277.7857971191406,499.23095703125,136.8237762451172,556.5155639648438,97.50166320800781,136.50318908691406,398.85205078125,61.530189514160156
2023-10-27,165.9751739501953,322.2621154785156,40.3794059753418,121.0184326171875,127.9610595703125,23.42418098449707,271.16363525390625,495.7349548339844,133.70162963867188,548.8062133789062,95.64405822753906,127.32947540283203,397.04412841796875,61.530189514160156
2023-10-30,168.01751708984375,329.5904541015625,41.03843688964844,123.2868423461914,129.592529296875,23.908113479614258,281.37750244140625,500.77117919921875,135.01475524902344,554.1744384765625,95.94307708740234,128.8643035888672,401.7911376953125,61.37799072265625
2023-10-31,168.4911651611328,330.37213134765625,40.6585693359375,122.91041564941406,131.13909912109375,24.513029098510742,283.9777526855469,506.0342102050781,136.2177276611328,542.6346435546875,95.91590118408203,128.5467529296875,404.314453125,61.36007308959961
2023-11-01,171.6484375,338.1499938964844,42.198978424072266,125.25807189941406,131.0259552001953,24.56886863708496,287.2982177734375,502.29241943359375,136.53912353515625,543.15380859375,95.72561645507812,127.00311279296875,408.6263732910156,61.95545196533203
2023-11-02,175.20040893554688,340.3485412597656,43.37644577026367,126.28827667236328,133.36463928222656,25.704248428344727,293.4714050292969,506.5726318359375,137.96246337890625,568.4570922851562,98.86994171142578,131.21946716308594,416.45745849609375,62.31468963623047
2023-11-03,174.2926788330078,344.7259826660156,44.87098693847656,127.88313293457031,134.85472106933594,26.44875717163086,306.4352111816406,501.6309509277344,138.97256469726562,556.2315063476562,97.66476440429688,130.205078125,420.2569274902344,62.6828727722168
2023-11-06,176.8382568359375,348.37060546875,45.614768981933594,129.0222625732422,135.87315368652344,26.364999771118164,302.9650573730469,504.0498352050781,139.3031768798828,583.0532836914062,95.93403625488281,129.6669921875,421.22369384765625,62.413475036621094
2023-11-07,179.39370727539062,352.2790832519531,45.81816101074219,129.73548889160156,135.80715942382812,26.2067928314209,303.0025329589844,508.1789855957031,138.56851196289062,587.6965942382812,94.42981719970703,127.38240051269531,422.4225158691406,62.72776794433594
2023-11-08,180.44940185546875,354.887939453125,46.43531799316406,130.5972900390625,136.4767303466797,25.955520629882812,303.57305908203125,507.1395568847656,138.06346130371094,606.505126953125,93.26994323730469,125.60939025878906,422.7319030761719,62.92534255981445
2023-11-09,179.97581481933594,352.4354553222656,46.8101921081543,129.01235961914062,136.0712127685547,25.620492935180664,300.0375061035156,509.2843933105469,135.37290954589844,579.26220703125,93.29712677001953,125.20364379882812,419.4351806640625,62.458351135253906
2023-11-10,184.15484619140625,361.2098693847656,48.191078186035156,131.34019470214844,138.0893096923828,25.760080337524414,304.461669921875,511.37261962890625,135.21681213378906,585.5219116210938,94.01298522949219,126.09452819824219,425.9803466796875,62.57510757446289
2023-11-13,182.57411193847656,358.28826904296875,48.4752311706543,130.8448944091797,137.47634887695312,25.77869987487793,305.7711181640625,512.6575317382812,135.5657501220703,600.2160034179688,95.00068664550781,127.02072143554688,425.5743103027344,62.55714797973633
2023-11-14,185.18231201171875,361.7961120605469,49.50813674926758,132.36050415039062,139.98483276367188,27.193267822265625,316.8174133300781,510.66387939453125,135.59332275390625,599.4701538085938,95.36646270751953,127.94694519042969,433.83074951171875,63.320465087890625
2023-11-15,185.74545288085938,361.9429931640625,48.742431640625,133.35104370117188,141.21078491210938,27.565526962280273,315.7698974609375,508.7268371582031,136.64012145996094,577.6040649414062,94.79036712646484,128.3968048095703,434.7491760253906,62.97024917602539
2023-11-16,187.42498779296875,368.30712890625,49.33265686035156,135.63929748535156,142.82337951660156,27.49107551574707,314.8999938964844,510.05914306640625,137.83392333984375,577.8102416992188,93.69304656982422,126.36455535888672,435.28094482421875,63.347415924072266
2023-11-17,187.40521240234375,362.1192626953125,49.15121078491211,134.03456115722656,144.11537170410156,27.900550842285156,317.2570495605469,506.7237243652344,137.5491943359375,580.7152709960938,95.97913360595703,128.76222229003906,435.8223571777344,63.43722152709961
2023-11-20,189.14404296875,369.55059814453125,50.25890350341797,134.96571350097656,144.55856323242188,27.9284725189209,317.5002746582031,505.5993347167969,138.76182556152344,586.4957275390625,95.55848693847656,128.69093322753906,439.1771240234375,63.52702713012695
2023-11-21,188.34378051757812,365.2719421386719,49.79528045654297,135.6789093017578,144.25680541992188,27.602746963500977,313.3099670410156,509.84185791015625,139.8818359375,581.5886840820312,95.52191162109375,128.38784790039062,438.219970703125,63.616825103759766
2023-11-22,189.00572204589844,369.95208740234375,48.5709342956543,137.1846160888672,144.59628295898438,27.5748291015625,316.7426452636719,513.781982421875,139.60415649414062,584.0324096679688,95.11042785644531,128.64634704589844,439.911865234375,63.67073059082031
2023-11-24,187.68186950683594,369.540771484375,47.63373947143555,135.4015655517578,144.79434204101562,27.66789436340332,317.2196044921875,516.9378051757812,141.1592254638672,589.9307861328125,95.62250518798828,129.1544189453125,440.1825866699219,63.36537170410156
2023-11-27,187.50404357910156,370.6961364746094,48.098350524902344,135.12420654296875,144.46424865722656,27.509681701660156,315.87274169921875,513.6213989257812,140.02992248535156,580.5386352539062,95.06470489501953,128.6731414794922,439.38983154296875,63.75153732299805
2023-11-28,188.1066436767578,374.70068359375,47.6786003112793,135.90672302246094,144.79434204101562,27.48176383972168,315.8166809082031,510.7301330566406,140.35391235351562,580.607177734375,95.00982666015625,129.69813537597656,439.82489013671875,64.02093505859375
2023-11-29,187.08908081054688,370.93115234375,47.99665069580078,133.71762084960938,145.5299072265625,28.20766258239746,320.8712158203125,505.486083984375,140.79820251464844,580.8624267578125,93.58330535888672,128.27200317382812,439.5155029296875,64.35321044921875
2023-11-30,187.662109375,370.9898681640625,46.63072967529297,131.28077697753906,147.18963623046875,28.601652145385742,322.07830810546875,522.4842529296875,143.1585693359375,580.0576171875,93.94910430908203,127.99568939208984,441.2460021972656,64.14666748046875
2023-12-01,188.93655395507812,366.681884765625,46.62574768066406,130.61708068847656,147.90634155273438,29.042545318603516,328.5756530761719,518.7581176757812,146.60194396972656,573.1878051757812,94.17770385742188,129.07420349121094,443.8564453125,64.66991424560547
2023-12-04,187.1483612060547,361.42413330078125,45.37447738647461,128.05149841308594,148.99087524414062,28.911216735839844,329.48095703125,519.820068359375,147.06475830078125,574.7972412109375,93.66561126708984,129.12770080566406,441.5264892578125,64.40873718261719
2023-12-05,191.09030151367188,364.73345947265625,46.431427001953125,129.75527954101562,148.9720001220703,28.686077117919922,322.2763366699219,521.6973876953125,146.75930786132812,577.2213745117188,91.84589385986328,127.33612060546875,441.439453125,64.82300567626953
2023-12-06,190.00355529785156,361.0911560058594,45.37148666381836,128.79444885253906,147.4065399169922,28.639177322387695,322.4837341308594,521.0052490234375,144.97280883789062,578.301025390625,90.62969207763672,127.04193878173828,439.6605224609375,65.01211547851562
2023-12-07,191.93003845214844,363.1962585449219,46.461334228515625,135.63929748535156,147.8591766357422,28.761123657226562,324.9827880859375,519.8107299804688,143.8435516357422,577.3391723632812,89.99872589111328,126.94392395019531,443.0153503417969,64.99408721923828
2023-12-08,193.3527374267578,366.4078063964844,47.36870193481445,133.71762084960938,149.4906768798828,29.042545318603516,330.8388977050781,521.2327880859375,142.93643188476562,586.9374389648438,91.03205108642578,128.6285400390625,444.91986083984375,64.67892456054688
2023-12-11,190.8531951904297,363.5389099121094,46.49224853515625,132.03358459472656,150.0376434326172,28.93935203552246,331.7159729003906,515.4588623046875,143.52883911132812,573.1878051757812,91.09606170654297,128.66419982910156,446.6504211425781,64.68789672851562
2023-12-12,192.3647918701172,366.5545654296875,47.51926803588867,131.27085876464844,151.37673950195312,28.836170196533203,332.5174865722656,517.3928833007812,143.53810119628906,573.8944091796875,89.66039276123047,127.01522827148438,448.6904296875,64.8770523071289
2023-12-13,195.57565307617188,366.5447998046875,47.94902420043945,131.32037353515625,151.88600158691406,30.0556583404541,342.060791015625,520.5123291015625,144.20452880859375,586.3976440429688,90.45594787597656,128.89596557617188,454.8779296875,65.70556640625
2023-12-14,195.72378540039062,358.2812194824219,48.21026611328125,130.69631958007812,154.6490936279297,31.837976455688477,361.6189880371094,506.5089111328125,145.2042236328125,563.0103759765625,92.88833618164062,133.63784790039062,456.3377685546875,66.20087432861328
2023-12-15,195.19032287597656,362.9808349609375,48.748714447021484,131.35012817382812,155.8184814453125,31.519041061401367,358.8277282714844,503.55084228515625,143.62139892578125,561.4107055664062,92.26654815673828,133.12088012695312,455.58636474609375,66.10179901123047
2023-12-18,193.5305633544922,364.8606872558594,49.932273864746094,134.5199432373047,156.76148986816406,31.35956382751465,354.9518737792969,499.21807861328125,143.8805694580078,568.9872436523438,92.95236206054688,133.41500854492188,458.1491394042969,65.96673583984375
2023-12-19,194.5679168701172,365.45794677734375,49.46063995361328,135.36195373535156,158.8550567626953,31.434614181518555,360.6571960449219,496.8383483886719,144.82472229003906,569.0363159179688,94.17770385742188,135.16201782226562,460.9350891113281,66.0927963256836
2023-12-20,192.48333740234375,362.8731689453125,47.971954345703125,137.03599548339844,157.0632781982422,30.937435150146484,356.008056640625,489.1492919921875,141.8719482421875,559.61474609375,92.60486602783203,133.92306518554688,454.5477600097656,66.30892181396484
2023-12-21,192.33511352539062,365.732177734375,48.84841537475586,139.0963897705078,157.95916748046875,31.143814086914062,358.88421630859375,492.8942565917969,143.32521057128906,561.3714599609375,93.02552032470703,134.33309936523438,458.85772705078125,66.29994201660156
2023-12-22,191.2681121826172,366.7503356933594,48.688880920410156,140.1563262939453,157.86485290527344,31.35956382751465,358.9597473144531,493.3019104003906,143.89907836914062,559.7913208007812,93.19011688232422,134.63613891601562,459.7799377441406,66.25568389892578
2023-12-26,190.72476196289062,366.8287658691406,49.13657760620117,140.18605041503906,158.79847717285156,31.762937545776367,359.8650207519531,493.0364990234375,144.52853393554688,560.066162109375,93.40043640136719,135.8483428955078,461.7214050292969,66.31890106201172
2023-12-27,190.8235626220703,366.2510070800781,49.27418518066406,139.04685974121094,159.7509307861328,31.744176864624023,362.5714416503906,495.6531982421875,144.72291564941406,570.7047729492188,92.96149444580078,135.40269470214844,462.55615234375,66.74340057373047
2023-12-28,191.2483673095703,367.43572998046875,49.378875732421875,138.90818786621094,160.5996856689453,31.78169822692871,364.3915100097656,497.6537170410156,144.935791015625,570.0570068359375,91.6172866821289,133.4952392578125,462.7308654785156,66.58081817626953
2023-12-29,190.21099853515625,368.17987060546875,49.378875732421875,138.373291015625,160.4110870361328,31.584699630737305,363.7879638671875,499.1422119140625,145.08389282226562,572.0885620117188,91.42525482177734,132.95152282714844,461.3913269042969,66.42729949951172
2024-01-02,183.4039764404297,363.1178894042969,48.02879333496094,136.86761474609375,162.27830505371094,31.800457000732422,366.1737976074219,511.34417724609375,148.07371520996094,581.1961059570312,93.60160827636719,133.23675537109375,458.8091735839844,66.14730834960938
2024-01-03,182.03074645996094,362.8536071777344,47.431522369384766,137.61053466796875,161.5709991455078,31.45337677001953,360.0347595214844,513.8946533203125,148.99932861328125,606.2222900390625,94.38801574707031,135.77703857421875,455.06231689453125,66.20149993896484
2024-01-04,179.7189483642578,360.2491760253906,47.85928726196289,135.10440063476562,162.64321899414062,31.706647872924805,361.1286315917969,517.1085815429688,148.68463134765625,603.0818481445312,93.56502532958984,134.2885284423828,453.5964660644531,65.90345001220703
2024-01-05,178.99771118164062,360.06317138671875,48.955108642578125,134.45059204101562,163.45924377441406,32.29763412475586,364.4197998046875,509.48602294921875,149.1474609375,607.0565185546875,93.84850311279297,134.05677795410156,454.21771240234375,65.70475006103516
2024-01-08,183.32496643066406,366.85809326171875,52.10197830200195,137.53128051757812,163.22203063964844,32.04435729980469,366.7018737792969,508.67059326171875,149.5176544189453,614.3975219726562,92.2848129272461,133.2545623779297,460.7021789550781,65.9937744140625
2024-01-09,182.91001892089844,367.93505859375,52.98642349243164,139.62139892578125,161.9315643310547,31.547178268432617,361.8735656738281,510.4245300292969,149.6102294921875,613.8577880859375,91.14176940917969,129.86752319335938,460.00323486328125,65.9847412109375
2024-01-10,183.94737243652344,374.76922607421875,54.19292449951172,140.9388885498047,162.273193359375,31.519041061401367,360.195068359375,509.7324523925781,149.83238220214844,618.4802856445312,90.24563598632812,128.7978973388672,462.6047058105469,65.86732482910156
2024-01-11,183.3546142578125,376.59027099609375,54.6635627746582,140.74075317382812,161.58998107910156,31.09691047668457,358.11102294921875,511.6665344238281,149.16592407226562,623.9073486328125,90.22732543945312,129.49313354492188,462.4008483886719,66.21052551269531
2024-01-12,183.68064880371094,380.3500671386719,54.551883697509766,141.30535888671875,160.4039306640625,30.768583297729492,356.2249755859375,494.43963623046875,150.31373596191406,630.9737548828125,91.39781188964844,131.26690673828125,462.7211608886719,66.34599304199219
2024-01-16,181.41822814941406,382.1124267578125,56.219051361083984,141.14686584472656,159.3981475830078,30.13070297241211,358.7710876464844,492.20220947265625,148.5828094482422,622.7788696289062,89.3311996459961,128.07591247558594,461.0224914550781,65.87635040283203
2024-01-17,180.47964477539062,381.3291320800781,55.89100646972656,140.136474609375,158.54417419433594,29.830516815185547,355.6874694824219,497.69158935546875,148.49948120117188,617.2239990234375,88.68194580078125,127.5678482055664,458.4597473144531,65.72281646728516
2024-01-18,186.35800170898438,385.63714599609375,56.941959381103516,142.12753295898438,158.85728454589844,29.764856338500977,355.432861328125,489.5380554199219,149.22149658203125,611.767333984375,88.5173568725586,126.40911865234375,462.5367431640625,65.63250732421875
2024-01-19,189.25270080566406,390.3368225097656,59.31906509399414,145.00021362304688,161.59947204589844,30.224506378173828,360.4214172363281,477.42144775390625,149.65652465820312,616.9000854492188,88.65451049804688,126.7834701538086,468.30279541015625,65.63250732421875
2024-01-22,191.55465698242188,388.2220153808594,59.48160171508789,144.61387634277344,161.40969848632812,30.53406524658203,363.9671325683594,486.3619079589844,150.38778686523438,619.1572265625,88.53564453125,127.00630950927734,469.29296875,65.74089050292969
2024-01-23,192.8291015625,390.56201171875,59.69997024536133,145.6540069580078,160.3469696044922,30.740446090698242,359.0728454589844,488.7606506347656,147.9255828857422,617.9796752929688,89.53237915039062,126.6497802734375,470.6616516113281,65.58734130859375
2024-01-24,192.1572723388672,394.1455078125,61.18466567993164,147.29835510253906,161.77976989746094,30.937435150146484,357.7808837890625,486.5894470214844,147.13880920410156,621.925048828125,91.07776641845703,129.1722412109375,471.1761169433594,65.45185852050781
2024-01-25,191.83126831054688,396.4072570800781,61.438926696777344,150.43846130371094,164.09498596191406,31.322046279907227,360.89288330078125,467.7887878417969,147.6941680908203,615.9579467773438,93.39128875732422,132.42562866210938,473.73883056640625,65.75895690917969
2024-01-26,190.10235595703125,395.48687744140625,60.854618072509766,150.7554473876953,163.4687042236328,31.35956382751465,356.2626953125,477.08013916015625,147.63864135742188,627.3718872070312,94.18683624267578,132.93368530273438,473.13702392578125,65.65960693359375
2024-01-29,189.42062377929688,401.1559143066406,62.28447341918945,152.06298828125,163.89569091796875,31.528417587280273,358.8748779296875,478.3505554199219,147.509033203125,633.0150146484375,94.30572509765625,132.8802032470703,476.8839111328125,65.9215316772461
2024-01-30,185.7751007080078,400.0494384765625,62.59258270263672,150.03236389160156,167.254638671875,32.63534164428711,364.8252258300781,477.46881103515625,146.96292114257812,632.9953002929688,95.87857055664062,133.8071746826172,476.51513671875,66.03890228271484
2024-01-31,182.17893981933594,389.2696533203125,61.349185943603516,138.7794189453125,165.44232177734375,31.903642654418945,362.1282958984375,485.17681884765625,147.083251953125,633.6137084960938,94.01309967041016,131.40948486328125,468.73968505859375,66.31890106201172
2024-02-01,184.6093292236328,395.34002685546875,62.844852447509766,139.8294219970703,164.84454345703125,31.472135543823242,361.9773864746094,480.8155822753906,146.5834197998047,648.1583251953125,93.62903594970703,131.8195343017578,474.8745422363281,66.7192611694336
2024-02-02,183.6114959716797,402.62451171875,65.96879577636719,141.03793334960938,165.7934112548828,31.3970947265625,365.7589111328125,483.7452087402344,144.96353149414062,655.244140625,93.2449722290039,135.6968231201172,479.8737487792969,66.12144470214844
2024-02-05,185.41941833496094,397.1709289550781,69.13162231445312,142.32565307617188,165.5751953125,30.946821212768555,361.1946716308594,476.85260009765625,144.21380615234375,693.0778198242188,92.86090850830078,135.77703857421875,478.12646484375,65.59609985351562
2024-02-06,187.01992797851562,397.0143127441406,68.02583312988281,142.74172973632812,166.1444854736328,30.99372673034668,363.05242919921875,484.16241455078125,146.30572509765625,691.9296875,93.50101470947266,135.79486083984375,479.5146484375,65.90404510498047
2024-02-07,187.1285858154297,405.3954162597656,69.89640808105469,144.16812133789062,166.4575958251953,31.125049591064453,364.62725830078125,492.42974853515625,146.231689453125,711.9014282226562,93.47358703613281,135.5988006591797,483.51397705078125,65.77725982666016
2024-02-08,186.05174255371094,405.4540710449219,69.43972778320312,144.53465270996094,165.85983276367188,31.06876564025879,363.0995788574219,493.09344482421875,144.76918029785156,722.0101318359375,95.0738525390625,137.3190460205078,483.7275390625,65.60517120361328
2024-02-09,186.8134307861328,411.7594909667969,71.92454528808594,147.5955352783203,166.05911254882812,31.021862030029297,362.3639831542969,491.3204040527344,145.1024169921875,726.4067993164062,93.06208801269531,134.6272430419922,486.5232238769531,65.55081939697266
2024-02-12,185.13177490234375,406.580078125,72.03919982910156,146.13937377929688,166.79917907714844,31.537797927856445,370.26654052734375,490.7705383300781,146.111328125,723.5606079101562,94.34230041503906,135.5542449951172,486.3095703125,65.56890869140625
2024-02-13,183.04449462890625,397.8269958496094,71.91957092285156,143.7718963623047,165.34744262695312,30.7216854095459,357.1679992675781,490.02154541015625,144.833984375,729.1644897460938,93.53010559082031,134.2350616455078,479.61163330078125,64.9983139038086
2024-02-14,182.1641082763672,401.672119140625,73.68643951416016,144.56436157226562,167.0269317626953,31.078149795532227,356.4984436035156,490.10687255859375,144.15826416015625,744.541015625,93.06864929199219,134.60049438476562,483.9701843261719,65.24283599853516
2024-02-15,181.87722778320312,398.7980041503906,72.44801330566406,141.4242401123047,170.6705322265625,31.959930419921875,363.4579162597656,493.8424072265625,146.17611694335938,745.0030517578125,95.7359390258789,139.17787170410156,487.3094787597656,65.42398834228516
2024-02-16,180.3439483642578,396.3457946777344,72.40313720703125,139.19546508789062,169.8734893798828,31.97869110107422,362.53375244140625,494.47760009765625,146.00823974609375,768.87353515625,95.7359390258789,139.3310546875,484.8826904296875,65.21566772460938
2024-02-20,179.60203552246094,395.1000061035156,69.25128173828125,139.78977966308594,170.53765869140625,31.856740951538086,362.60919189453125,494.01300048828125,147.23004150390625,742.918701171875,94.8314437866211,138.76336669921875,482.2131652832031,65.29720306396484
2024-02-21,180.35385131835938,394.50164794921875,67.27701568603516,141.20632934570312,171.64785766601562,31.61284828186035,366.1454772949219,494.8757629394531,147.99484252929688,733.3331909179688,96.76961517333984,140.06089782714844,482.6500244140625,65.11604309082031
2024-02-22,182.3817138671875,403.7908630371094,78.31102752685547,142.7318115234375,173.70687866210938,31.528417587280273,368.2201232910156,499.1706237792969,149.64566040039062,756.6630859375,96.6865463256836,140.05191040039062,492.6387023925781,65.14321899414062
2024-02-23,180.5516815185547,402.5058288574219,78.5892105102539,142.60304260253906,174.57980346679688,31.819215774536133,368.76708984375,499.8721923828125,150.9420623779297,756.5647583007812,95.83745574951172,139.3580780029297,492.9784240722656,65.37869262695312
2024-02-26,179.2063446044922,399.75933837890625,78.8634262084961,136.2732696533203,173.9820098876953,31.528417587280273,367.9844055175781,498.05194091796875,149.96273803710938,758.9044799804688,96.21586608886719,139.1688690185547,491.17291259765625,65.26095581054688
2024-02-27,180.6605224609375,399.70050048828125,78.47354125976562,137.5709228515625,174.0674285888672,32.156925201416016,368.5407409667969,486.7695617675781,150.1399688720703,752.1012573242188,96.01280212402344,137.10545349121094,492.0854187011719,65.16131591796875
2024-02-28,179.46353149414062,399.9359130859375,77.43854522705078,135.094482421875,174.94985961914062,32.18506622314453,373.40325927734375,472.4154968261719,150.6715850830078,744.8653564453125,96.28044891357422,137.2676239013672,491.4350280761719,65.30623626708984
2024-02-29,178.80076599121094,405.74285888671875,78.88335418701172,137.15489196777344,176.5439453125,32.61016845703125,369.48095703125,467.9784240722656,150.5130157470703,740.97216796875,96.46504211425781,136.9702606201172,493.20166015625,65.41493225097656
2024-03-01,177.7225341796875,407.5673828125,82.04120635986328,135.84732055664062,175.8133087158203,32.44956970214844,368.57879638671875,464.11962890625,151.2032012939453,768.9326171875,97.68331909179688,137.6910858154297,497.83203125,65.68923950195312
2024-03-04,173.21173095703125,406.9984130859375,84.99066162109375,132.09304809570312,177.13223266601562,33.205318450927734,372.5199890136719,456.8572998046875,149.0767364501953,778.92138671875,96.3173828125,134.14996337890625,497.2981262207031,65.53485107421875
2024-03-05,168.28538513183594,394.96270751953125,85.71958923339844,131.41946411132812,178.9066162109375,33.43204116821289,371.2474670410156,448.5899353027344,149.1979522705078,764.4790649414062,97.49873352050781,134.7897186279297,492.32806396484375,65.8890609741211
2024-03-06,167.29617309570312,394.4133605957031,88.44779968261719,130.16140747070312,179.8364715576172,33.46037673950195,369.9748229980469,448.0684509277344,148.61038208007812,766.6221923828125,98.5416488647461,133.65435791015625,494.82281494140625,66.00716400146484
2024-03-07,167.17750549316406,401.3287658691406,92.405517578125,133.11334228515625,178.26138305664062,33.65876388549805,368.89215087890625,453.9277038574219,148.17202758789062,767.005615234375,99.09540557861328,134.59144592285156,499.734619140625,66.1161880493164
2024-03-08,168.88880920410156,398.46453857421875,87.27912902832031,134.1336212158203,178.5934600830078,33.63041305541992,367.5245666503906,453.61358642578125,148.77828979492188,749.2894287109375,100.02757263183594,135.051025390625,496.7350769042969,66.17974090576172
2024-03-11,170.88705444335938,396.7970275878906,85.5301284790039,136.37232971191406,178.6598663330078,33.90437698364258,366.7362976074219,465.5875549316406,150.37310791015625,721.9876708984375,100.61824035644531,136.9612579345703,496.3079833984375,66.15251159667969
2024-03-12,171.36187744140625,407.3515625,91.65166473388672,137.19451904296875,180.130615234375,33.97050476074219,368.6547546386719,465.7779541015625,151.78143310546875,742.2206420898438,99.9721908569336,136.86215209960938,501.64691162109375,65.95268249511719
2024-03-13,169.28451538085938,407.1750183105469,90.62957763671875,138.4723358154297,181.59182739257812,34.083866119384766,372.5770263671875,464.4930114746094,150.2518768310547,745.0620727539062,101.08895111083984,138.66424560546875,500.8606262207031,65.84368133544922
2024-03-14,171.1343536376953,417.1017761230469,87.6939468383789,141.7511749267578,178.3562469482422,33.71543502807617,369.06304931640625,465.44482421875,148.48915100097656,747.9032592773438,102.87942504882812,140.29519653320312,499.8705139160156,65.45306396484375
2024-03-15,170.75843811035156,408.4698791503906,87.5872573852539,139.84921264648438,180.56712341308594,33.450931549072266,367.7334899902344,467.1771545410156,147.52850341796875,741.453857421875,102.69485473632812,140.1600341796875,496.4381103515625,65.416748046875
2024-03-18,171.84658813476562,409.3526306152344,88.20350646972656,146.2879638671875,182.806396484375,34.017730712890625,365.036376953125,463.5887451171875,146.2041015625,749.8006591796875,103.64546203613281,140.03387451171875,499.38848876953125,65.33501434326172
2024-03-19,174.18115234375,413.3645324707031,89.1438217163086,145.6441192626953,183.87860107421875,34.03662872314453,369.110595703125,469.55670166015625,145.69117736816406,759.7501220703125,104.37458038330078,141.1241455078125,502.1636962890625,65.50759887695312
2024-03-20,176.74317932128906,417.11163330078125,90.11504364013672,147.3379669189453,186.2886962890625,34.716796875,376.5277404785156,470.4229431152344,145.27145385742188,759.8286743164062,104.28229522705078,139.25897216796875,506.8083190917969,65.62567138671875
2024-03-21,169.52191162109375,421.1725769042969,91.17501831054688,146.20872497558594,188.87905883789062,35.434749603271484,392.900634765625,468.0052490234375,145.2621307373047,757.2725219726562,104.74375915527344,139.53829956054688,508.4833068847656,65.68017578125
2024-03-22,170.42210388183594,420.5545959472656,94.02091217041016,149.348876953125,186.5638427734375,35.00019073486328,386.357177734375,466.4632873535156,144.7771453857422,757.6167602539062,104.74375915527344,139.3580780029297,507.5191650390625,65.89815521240234
2024-03-25,169.007568359375,414.78680419921875,94.73188018798828,148.65545654296875,184.85592651367188,34.82070541381836,384.57171630859375,462.47509765625,144.767822265625,760.1039428710938,105.81436920166016,140.98902893066406,506.11712646484375,65.77098846435547
2024-03-26,167.87982177734375,413.59991455078125,92.29782104492188,149.24978637695312,185.71934509277344,35.03799057006836,385.7493591308594,468.5953369140625,145.28079223632812,761.8343505859375,105.02063751220703,139.9077606201172,505.1822814941406,65.82548522949219
2024-03-27,171.44100952148438,413.3841247558594,89.99340057373047,149.44789123535156,189.3155517578125,35.7181510925293,394.3631896972656,469.34735107421875,147.3233184814453,765.0589599609375,106.10970306396484,140.88088989257812,509.42767333984375,66.05258178710938
2024-03-28,169.63075256347656,412.68768310546875,90.0990982055664,149.50732421875,190.0556640625,35.82206344604492,396.6804504394531,470.87030029296875,147.537841796875,764.8426513671875,107.28181457519531,142.1333770751953,509.3302917480469,65.9708251953125
2024-04-01,168.19638061523438,416.4642028808594,90.10607147216797,154.0243682861328,188.76516723632812,35.44419860839844,392.7106628417969,466.111083984375,147.1554412841797,747.7262573242188,107.9740219116211,143.34075927734375,508.4442443847656,65.52079010009766
2024-04-02,167.01922607421875,413.39398193359375,89.19766998291016,153.10313415527344,188.68930053710938,35.23636245727539,389.5196533203125,436.07135009765625,147.10879516601562,751.0787353515625,110.08753204345703,143.9715118408203,505.21142578125,65.44790649414062
2024-04-03,167.82046508789062,412.4228820800781,88.71105194091797,153.45973205566406,188.1579132080078,35.36862564086914,393.176025390625,437.59429931640625,143.87246704101562,762.906005859375,110.10601806640625,144.5662078857422,505.7665100097656,65.49346160888672
2024-04-04,166.99942016601562,409.90191650390625,85.66073608398438,149.1111297607422,186.726318359375,34.87738800048828,385.8158874511719,433.4443359375,142.2310028076172,755.12939453125,110.49363708496094,144.79150390625,499.5930480957031,65.630126953125
2024-04-05,167.751220703125,417.39605712890625,87.75777435302734,151.06253051757812,188.44422912597656,35.056880950927734,387.54425048828125,433.7869873046875,142.1283721923828,770.9873046875,112.01648712158203,145.6114501953125,504.812255859375,65.3021240234375
2024-04-08,166.63343811035156,416.4838562011719,86.88525390625,153.39039611816406,189.42727661132812,35.4253044128418,389.89007568359375,434.034423828125,141.38226318359375,764.1838989257812,111.25967407226562,145.31410217285156,505.0946044921875,65.24747467041016
2024-04-09,167.8402557373047,418.1415710449219,85.1113052368164,155.1239013671875,188.15792846679688,35.642581939697266,390.0514831542969,437.5752868652344,142.03512573242188,744.4722900390625,111.84112548828125,145.97186279296875,505.67877197265625,65.4843521118164
2024-04-10,165.97064208984375,415.1792297363281,86.79153442382812,154.66822814941406,186.5545654296875,34.6223258972168,380.60198974609375,428.3710632324219,140.08587646484375,749.1321411132812,112.78250885009766,146.57559204101562,500.6154479980469,64.71908569335938
2024-04-11,173.15234375,419.760009765625,90.35836029052734,157.9073944091797,186.5164031982422,34.338924407958984,377.4869689941406,420.4422912597656,138.77081298828125,746.7825927734375,112.40412139892578,145.8727569580078,504.3935241699219,64.71908569335938
2024-04-12,174.6460723876953,413.8451843261719,87.93527221679688,156.24325561523438,174.452880859375,33.80990219116211,369.8988342285156,418.043701171875,137.58631896972656,738.9664916992188,111.09355163574219,143.23265075683594,497.43133544921875,64.86485290527344
2024-04-15,170.8276824951172,405.74285888671875,85.7564697265625,153.40029907226562,174.54833984375,33.9610595703125,380.7159118652344,424.16400146484375,137.651611328125,738.1111450195312,110.45672607421875,141.99818420410156,491.199462890625,64.4366683959961
2024-04-16,167.55340576171875,406.6649169921875,87.16645050048828,152.9446258544922,172.5536346435547,32.761322021484375,376.8980407714844,446.30352783203125,134.7230682373047,734.1490478515625,109.54302215576172,140.81781005859375,490.3035888671875,64.27268981933594
2024-04-17,166.18829345703125,403.9772644042969,83.79605865478516,154.00453186035156,171.86648559570312,33.2808837890625,383.5935363769531,455.9169616699219,135.02151489257812,738.1111450195312,109.48763275146484,140.92593383789062,487.4018859863281,64.58245086669922
2024-04-18,165.2386016845703,396.5517578125,84.43025207519531,154.53945922851562,172.9831085205078,33.791019439697266,382.833740234375,469.4234619140625,135.92620849609375,733.3724365234375,109.38611602783203,141.9801788330078,486.39892578125,64.40933227539062
2024-04-19,163.22064208984375,391.5000915527344,75.98334503173828,152.63754272460938,177.3256072998047,34.924625396728516,383.6789855957031,476.99053955078125,137.9500732421875,714.0636596679688,110.64130401611328,144.16976928710938,482.15350341796875,64.49131774902344
2024-04-22,164.05154418945312,393.304931640625,79.29190063476562,154.80691528320312,180.7709503173828,35.642581939697266,396.3575439453125,467.5674133300781,139.0785675048828,718.9990234375,111.26891326904297,145.89981079101562,486.5937194824219,64.51866912841797
2024-04-23,165.1001434326172,399.7888488769531,82.18864440917969,156.7682342529297,183.37643432617188,36.247169494628906,402.67303466796875,462.7606506347656,139.48895263671875,733.116943359375,111.70269012451172,146.73776245117188,492.367919921875,64.63707733154297
2024-04-24,167.197265625,401.2503356933594,79.45045471191406,157.63003540039062,184.2735595703125,36.19993209838867,401.7613525390625,463.82666015625,138.52828979492188,719.8543090820312,111.72113800048828,147.3865509033203,492.13421630859375,64.47309112548828
2024-04-25,168.057861328125,391.4216613769531,82.39705657958984,154.52955627441406,184.55032348632812,35.8126220703125,398.9217224121094,470.0707092285156,136.93345642089844,712.6478881835938,111.97956085205078,148.92735290527344,490.2646484375,64.29090881347656
2024-04-26,167.47425842285156,398.5626525878906,87.48555755615234,170.32920837402344,184.6648712158203,35.73704528808594,406.0634460449219,471.4889831542969,136.2992706298828,721.1422729492188,108.86927795410156,149.4770050048828,494.9093933105469,64.4366683959961
2024-04-29,171.62893676757812,394.5703125,87.50749969482422,164.58387756347656,184.46441650390625,35.472530364990234,409.1405029296875,465.473388671875,136.93345642089844,724.7699584960938,110.41980743408203,149.8734588623047,496.662109375,64.62796783447266
2024-04-30,168.49314880371094,381.8969421386719,86.15634155273438,161.24563598632812,182.9947052001953,34.962406158447266,405.2466735839844,460.400146484375,134.85365295410156,767.9297485351562,109.1553726196289,145.31410217285156,488.7943420410156,64.38200378417969
2024-05-01,167.47425842285156,387.39990234375,82.80488586425781,162.31546020507812,183.1092071533203,34.905731201171875,405.474609375,460.7903747558594,140.99986267089844,763.653076171875,107.08799743652344,143.83636474609375,487.2071533203125,64.61409759521484
2024-05-02,171.16403198242188,390.2445068359375,85.572998046875,165.0494384765625,182.9183349609375,34.83960723876953,410.8119812011719,469.2236022949219,139.82472229003906,743.16455078125,107.28181457519531,144.8275146484375,491.76422119140625,64.86998748779297
2024-05-03,181.4024200439453,398.8961486816406,88.53654479980469,165.66358947753906,181.82078552246094,35.18913269042969,416.1397705078125,468.72869873046875,139.21849060058594,722.5775756835938,107.06033325195312,144.39503479003906,497.85980224609375,65.19892120361328
2024-05-06,179.75045776367188,405.6448059082031,91.8780288696289,166.5155029296875,183.24281311035156,35.60478973388672,421.3536376953125,470.565673828125,138.57496643066406,753.7529296875,107.75253295898438,146.24221801757812,503.0010986328125,65.26290130615234
2024-05-07,180.4329833984375,401.5249328613281,90.29652404785156,169.6357879638672,183.00424194335938,35.746490478515625,421.4770812988281,476.8287048339844,138.70550537109375,764.656005859375,107.21723937988281,146.57559204101562,503.5561218261719,65.39082336425781
2024-05-08,180.76934814453125,402.70208740234375,90.15493774414062,167.783447265625,186.726318359375,35.623687744140625,424.46868896484375,478.9703369140625,138.92002868652344,761.9326171875,107.19876861572266,146.4584503173828,503.6048583984375,65.23548889160156
2024-05-09,182.57958984375,404.44805908203125,88.49468231201172,168.3579559326172,188.49195861816406,36.162147521972656,432.64556884765625,482.60626220703125,139.75942993164062,758.5408325195312,109.31227111816406,149.08055114746094,506.5065002441406,65.40908813476562
2024-05-10,181.32156372070312,406.8218078613281,89.6224594116211,167.060302734375,189.70404052734375,36.3227424621582,431.85736083984375,488.1078796386719,139.8153839111328,747.1854858398438,108.86927795410156,149.4139404296875,507.1589660644531,65.22637176513672
2024-05-13,184.52108764648438,405.82135009765625,90.14197540283203,167.5457000732422,189.66587829589844,36.09601593017578,430.7461242675781,487.0894470214844,141.03720092773438,744.92431640625,108.8231430053711,148.25152587890625,507.2270812988281,65.28118896484375
2024-05-14,185.6602325439453,408.6070861816406,91.09625244140625,168.73434448242188,192.31906127929688,36.36052703857422,435.4091796875,489.1263122558594,141.1864013671875,751.0984497070312,109.48373413085938,147.42257690429688,509.5543518066406,65.47307586669922
2024-05-15,187.9285888671875,415.751220703125,94.3609390258789,170.88389587402344,192.8917236328125,36.757293701171875,442.6459045410156,492.61956787109375,142.3895263671875,775.0687866210938,110.3304214477539,146.91802978515625,515.8641967773438,65.89341735839844
2024-05-16,188.04747009277344,413.6974182128906,94.0907211303711,172.53817749023438,193.23529052734375,37.05014419555664,441.1548767089844,496.160400390625,143.89114379882812,759.4102783203125,109.66983032226562,146.61761474609375,514.8026733398438,65.78374481201172
2024-05-17,188.0771942138672,412.930908203125,92.21605682373047,174.4004364013672,195.44944763183594,37.11626434326172,444.1939392089844,499.3585205078125,144.22686767578125,758.3071899414062,111.31668853759766,148.05569458007812,515.542724609375,65.61927032470703
2024-05-20,189.2361297607422,417.9720764160156,94.5105209350586,175.25234985351562,186.65953063964844,36.672271728515625,439.6543273925781,492.3149719238281,142.22425842285156,771.2870483398438,110.41416931152344,146.6631622314453,516.13671875,65.55531311035156
2024-05-21,190.53378295898438,421.6080017089844,95.11479187011719,176.17359924316406,190.4198455810547,37.45634841918945,446.7486877441406,498.33050537109375,142.19602966308594,790.9735717773438,109.6512222290039,145.5982666015625,517.4026489257812,65.6923828125
2024-05-22,189.0974578857422,423.0623474121094,94.68002319335938,174.7174530029297,189.26502990722656,37.560264587402344,439.1225280761719,496.23651123046875,144.32093811035156,790.7175903320312,107.44610595703125,143.41387939453125,515.9127197265625,65.61014556884766
2024-05-23,185.11541748046875,419.6033020019531,103.5038833618164,171.91412353515625,187.93841552734375,37.00290298461914,435.10528564453125,491.9342956542969,140.74813842773438,796.1734008789062,105.61315155029297,142.84048461914062,512.14453125,65.41825103759766
2024-05-24,188.18614196777344,422.7085266113281,106.1662826538086,173.34054565429688,191.5555419921875,37.50358581542969,437.9828796386719,483.69146728515625,138.18138122558594,795.1689453125,105.52941131591797,143.57769775390625,515.5330200195312,65.49134826660156
2024-05-28,188.196044921875,422.86578369140625,113.57714080810547,174.7372283935547,190.40074157714844,37.14460754394531,436.6817932128906,479.4176940917969,135.7462615966797,795.5923461914062,106.86922454833984,144.75180053710938,515.8931884765625,65.18065643310547
2024-05-29,188.49319458007812,421.7357482910156,114.49852752685547,174.24195861816406,189.07412719726562,36.57780456542969,434.1745910644531,461.3709716796875,135.80267333984375,799.2067260742188,105.72478485107422,142.80406188964844,512.28076171875,64.94306182861328
2024-05-30,189.48377990722656,407.4869079589844,110.18582153320312,170.4877166748047,190.23846435546875,36.49278259277344,430.1712646484375,458.4488830566406,136.5924835205078,802.68310546875,106.05974578857422,144.0418701171875,508.8824157714844,65.22637176513672
2024-05-31,190.43472290039062,407.93890380859375,109.3212890625,170.8740234375,193.38796997070312,37.77754592895508,436.1809997558594,471.5079345703125,137.89932250976562,807.8829345703125,109.10225677490234,147.71893310546875,513.5173950195312,65.46393585205078
2024-06-03,192.19789123535156,406.3567810058594,114.67302703857422,171.53770446777344,192.61492919921875,37.67363357543945,434.7096252441406,473.4782409667969,138.9053497314453,818.6370849609375,106.48774719238281,143.31375122070312,513.9360961914062,65.82965087890625
2024-06-04,192.5148468017578,408.86260986328125,116.10594177246094,172.15184020996094,190.0762481689453,37.48469543457031,435.01531982421875,481.1404724121094,138.96176147460938,819.9468994140625,104.83158111572266,142.10325622558594,514.5105590820312,66.07711791992188
2024-06-05,194.02052307128906,416.6651306152344,122.09187316894531,173.75660705566406,188.26290893554688,37.74919891357422,441.1111145019531,478.8846740722656,137.24119567871094,819.1293334960938,105.25028228759766,141.05654907226562,520.6256103515625,66.26045989990234
2024-06-06,192.64364624023438,417.16619873046875,120.65396118164062,175.06411743164062,187.9288787841797,37.50358581542969,437.6906433105469,477.74249267578125,137.6642608642578,824.575439453125,106.0411376953125,141.92120361328125,520.6159057617188,66.26962280273438
2024-06-07,195.0308837890625,416.5078430175781,120.5442886352539,172.81553649902344,190.83021545410156,37.80772018432617,434.6427307128906,467.05340576171875,138.28482055664062,837.0825805664062,104.90602111816406,142.05775451660156,519.9830322265625,65.73800659179688
2024-06-10,191.2964630126953,420.45819091796875,121.44371795654297,173.559326171875,190.50572204589844,37.70317459106445,433.34332275390625,471.1557922363281,138.33181762695312,851.86474609375,105.21305847167969,142.65846252441406,521.589599609375,65.63716125488281
2024-06-11,205.19400024414062,425.18487548828125,120.57611846923828,175.15599060058594,185.49517822265625,36.93333053588867,424.4767761230469,472.3170471191406,137.98394775390625,852.6722412109375,104.36637115478516,142.43089294433594,522.8458251953125,65.9029769897461
2024-06-12,211.05813598632812,433.41973876953125,124.85426330566406,176.31625366210938,182.7942352294922,37.45606231689453,428.7093811035156,469.3187561035156,136.71466064453125,854.1296997070312,103.2126235961914,140.36485290527344,527.1398315429688,66.2054672241211
2024-06-13,212.21707153320312,433.93072509765625,129.25210571289062,173.7080841064453,184.82711791992188,37.313507080078125,426.464111328125,473.344970703125,136.75228881835938,869.9164428710938,102.3845443725586,139.10882568359375,528.2012939453125,66.49876403808594
2024-06-14,210.4835968017578,434.903564453125,131.51583862304688,175.32456970214844,184.94163513183594,37.294490814208984,426.5692138671875,473.1737060546875,136.83688354492188,865.1104736328125,101.51925659179688,138.8630828857422,528.5228271484375,66.59957885742188
2024-06-17,214.62411499023438,440.6031494140625,130.61834716796875,175.7708282470703,186.08689880371094,37.55110549926758,430.12347412109375,467.6392517089844,137.22238159179688,871.5708618164062,100.8214340209961,139.42738342285156,532.7291870117188,66.35212707519531
2024-06-18,212.26658630371094,438.6083068847656,135.2056121826172,173.63865661621094,188.01475524902344,38.0073127746582,437.0504455566406,459.8202209472656,136.9403076171875,877.9228515625,101.77045440673828,139.55479431152344,534.0825805664062,66.58126068115234
2024-06-20,207.70013427734375,437.9793701171875,130.4188690185547,174.838623046875,189.60861206054688,38.0073127746582,437.6428527832031,463.1370849609375,138.94296264648438,872.5359497070312,103.9662857055664,142.5674285888672,532.6317749023438,66.45292663574219
2024-06-21,205.5308074951172,441.98870849609375,126.22048950195312,178.14102172851562,187.34671020507812,37.53209686279297,430.12347412109375,461.2922668457031,139.85494995117188,870.4579467773438,103.05445861816406,141.32960510253906,531.9176635742188,66.47125244140625
2024-06-24,206.17465209960938,439.9152526855469,117.78384399414062,177.7344207763672,189.8090057373047,38.035823822021484,441.50286865234375,468.3561096191406,140.20281982421875,876.5933837890625,106.11559295654297,144.99754333496094,530.1886596679688,66.50794219970703
2024-06-25,207.09588623046875,443.138427734375,125.74181365966797,182.5045623779297,189.0359649658203,37.42755126953125,437.0027160644531,463.11798095703125,138.38824462890625,890.8731689453125,106.4133071899414,144.22390747070312,532.2303466796875,66.5445785522461
2024-06-26,211.23641967773438,444.32745361328125,126.05096435546875,182.35580444335938,188.4251251220703,37.06638717651367,435.5504455566406,462.67828369140625,138.04037475585938,887.5741577148438,106.4505386352539,141.9394073486328,532.89453125,66.23296356201172
2024-06-27,212.0784149169922,445.0055236816406,123.6476058959961,183.87310791015625,190.08578491210938,37.30399703979492,426.0914611816406,464.9723205566406,137.0813446044922,895.2359008789062,106.90645599365234,142.27618408203125,533.734619140625,66.35212707519531
2024-06-28,208.63124084472656,439.20770263671875,123.19886016845703,180.64012145996094,193.03485107421875,37.798213958740234,432.16815185546875,486.78521728515625,137.4197998046875,891.6314697265625,107.11113739013672,142.3671875,531.6343383789062,66.04046630859375
2024-07-01,214.70335388183594,448.8183288574219,123.9567642211914,181.4731903076172,196.07936096191406,38.02630615234375,443.0029296875,472.8200378417969,137.68307495117188,900.4850463867188,106.96226501464844,142.45822143554688,532.7285766601562,65.69200134277344
2024-07-02,218.19012451171875,451.32415771484375,122.33125305175781,183.7045440673828,199.30520629882812,38.900699615478516,444.86602783203125,476.2516174316406,137.297607421875,892.9413452148438,106.23652648925781,142.66754150390625,536.3135986328125,65.88507080078125
2024-07-03,219.4580535888672,452.7882995605469,127.92578125,184.2797393798828,199.1715850830078,38.8721923828125,447.0731201171875,468.27008056640625,136.97793579101562,884.4620361328125,106.77617645263672,142.6311492919922,538.7069702148438,66.26204681396484
2024-07-05,224.20281982421875,459.460693359375,125.48253631591797,189.0200958251953,196.53245544433594,38.4064826965332,444.0443420410156,466.4731140136719,137.72067260742188,900.681884765625,105.4828872680664,140.4467315673828,541.8134155273438,66.5654525756836
2024-07-08,225.66885375976562,458.16357421875,127.8459701538086,187.46311950683594,196.89715576171875,38.606075286865234,444.1112365722656,467.7443542480469,136.7804718017578,904.059814453125,104.37567901611328,140.46493530273438,542.438720703125,66.5654525756836
2024-07-09,226.5207061767578,451.5796203613281,131.0172119140625,187.4135284423828,199.2579803466797,39.36640548706055,451.7643127441406,470.3920593261719,138.25662231445312,918.3396606445312,103.22193908691406,139.2362518310547,542.9661254882812,66.53789520263672
2024-07-10,230.7801055908203,458.1733703613281,134.5374755859375,189.59527587890625,199.4210968017578,39.6705436706543,457.5544128417969,478.8228759765625,140.49427795410156,925.5091552734375,104.13375854492188,141.1930694580078,548.3389282226562,66.59302520751953
2024-07-11,225.4212188720703,446.823486328125,127.04821014404297,184.03179931640625,199.08518981933594,39.73707962036133,457.8792419433594,482.10150146484375,140.74813842773438,919.954833984375,105.37123107910156,141.3114013671875,543.6107788085938,66.92402648925781
2024-07-12,228.3631591796875,445.6933288574219,128.88314819335938,183.53594970703125,196.67642211914062,39.527984619140625,458.5002746582031,488.955078125,140.91737365722656,933.998291015625,105.38983917236328,141.61175537109375,547.0396728515625,67.09871673583984
2024-07-15,232.18670654296875,446.09625244140625,128.0853271484375,184.9838104248047,201.58038330078125,39.813106536865234,470.30010986328125,492.6256408691406,140.31564331054688,936.0269165039062,107.19488525390625,143.84164428710938,548.5441284179688,66.88723754882812
2024-07-16,232.60276794433594,441.7331848144531,126.01107788085938,182.3954620361328,205.00640869140625,41.942047119140625,480.60931396484375,524.647216796875,141.9797821044922,927.301513671875,107.9671401977539,143.59591674804688,551.7970581054688,67.14469909667969
2024-07-17,226.7188262939453,435.8371276855469,117.6641845703125,179.51951599121094,208.12538146972656,41.79948425292969,479.8067626953125,547.9798583984375,147.2167205810547,891.8383178710938,109.45581817626953,146.7450408935547,544.0601806640625,67.20903778076172
2024-07-18,222.06320190429688,432.74169921875,120.75562286376953,176.21713256835938,201.51318359375,40.87757110595703,464.54827880859375,539.4346313476562,146.1260986328125,836.0092163085938,110.53512573242188,147.41859436035156,539.8792114257812,67.03433990478516
2024-07-19,222.19198608398438,429.5381164550781,117.60435485839844,176.18734741210938,201.32125854492188,40.77302551269531,463.32525634765625,540.3807983398438,145.43972778320312,844.4490356445312,107.99503326416016,144.85194396972656,536.2940673828125,66.85966491699219
2024-07-22,221.8452911376953,435.26715087890625,123.19886016845703,180.1641082763672,201.80108642578125,40.202781677246094,465.34130859375,533.880859375,145.0166473388672,852.8198852539062,107.25070190429688,142.885986328125,541.8233032226562,66.83207702636719
2024-07-23,222.88536071777344,437.1440734863281,122.2514877319336,180.2831268310547,201.84909057617188,40.30732727050781,470.2236022949219,530.2199096679688,143.2397003173828,864.9528198242188,105.52011108398438,140.2465057373047,540.9733276367188,66.84127044677734
2024-07-24,216.47647094726562,421.4703674316406,113.93451690673828,171.1990509033203,200.17926025390625,40.098236083984375,465.0164489746094,535.0469970703125,146.9346466064453,846.8223876953125,107.0087890625,141.1384735107422,528.7135620117188,66.64820098876953
2024-07-25,215.43637084960938,411.15228271484375,111.9699478149414,165.89340209960938,200.2560272216797,39.61351776123047,469.8031921386719,534.9800415039062,150.09373474121094,808.719970703125,109.26042938232422,143.3865509033203,525.958740234375,66.7953109741211
2024-07-26,215.90194702148438,417.9032287597656,112.74779510498047,165.61572265625,203.68206787109375,39.6040153503418,476.797119140625,544.5770263671875,151.03390502929688,792.4015502929688,109.1673812866211,143.65960693359375,531.849365234375,67.06192779541016
2024-07-29,216.17929077148438,419.33795166015625,111.28186798095703,168.12474060058594,202.34811401367188,39.052772521972656,470.76824951171875,541.7380981445312,149.07830810546875,795.5233764648438,108.02295684814453,142.531005859375,532.1619262695312,67.14469909667969
2024-07-30,216.73402404785156,415.5939636230469,103.44357299804688,168.87844848632812,206.5131378173828,39.23334884643555,483.1412658691406,550.8953857421875,151.6826629638672,778.2103881835938,109.9489517211914,145.2342071533203,529.4656982421875,67.22740936279297
2024-07-31,219.9830322265625,411.1031188964844,116.69686126708984,170.11807250976562,204.219482421875,38.31144332885742,486.3515625,550.7327880859375,148.41078186035156,792.0569458007812,110.33971405029297,146.0533447265625,538.0719604492188,67.59519958496094
2024-08-01,216.2981719970703,409.8846435546875,108.90843200683594,169.3445587158203,199.57464599609375,37.541603088378906,477.8384704589844,547.4923706054688,151.14675903320312,819.799072265625,108.8138198852539,138.90858459472656,530.452392578125,67.84789276123047
2024-08-02,217.78399658203125,401.4139099121094,106.9737777709961,165.27854919433594,191.11029052734375,35.716796875,449.67193603515625,563.799560546875,154.3246307373047,792.2440795898438,108.74869537353516,135.20423889160156,520.5762329101562,68.62256622314453
2024-08-05,207.2939910888672,388.30499267578125,100.17261505126953,157.9299774169922,187.041259765625,34.83290100097656,438.56964111328125,544.806396484375,151.6074676513672,763.4873657226562,106.78549194335938,131.6636962890625,505.4151306152344,68.55799865722656
2024-08-06,205.27325439453125,392.6877746582031,103.9621353149414,156.9779052734375,192.26190185546875,35.08951950073242,449.2706604003906,543.2675170898438,149.4637908935547,781.1351928710938,106.21792602539062,130.3621826171875,510.0748291015625,68.13377380371094
2024-08-07,207.83883666992188,391.5281982421875,98.63688659667969,157.62252807617188,192.31947326660156,35.4506721496582,451.9363708496094,541.0977172851562,149.3979949951172,760.414794921875,107.6321792602539,129.6158447265625,506.6654357910156,67.96776580810547
2024-08-08,211.29583740234375,395.71441650390625,104.68013763427734,160.68692016601562,195.83189392089844,36.315555572509766,464.1278381347656,541.2505493164062,150.6390838623047,832.4736938476562,109.68843078613281,131.50900268554688,518.3781127929688,67.86632537841797
2024-08-09,214.19821166992188,398.9866943359375,104.46073913574219,162.3133544921875,197.50173950195312,36.38208770751953,468.4178771972656,534.1006469726562,151.01513671875,878.1395874023438,110.58164978027344,131.9640655517578,520.6640014648438,68.10610961914062
2024-08-12,215.72540283203125,399.76300048828125,108.7189712524414,160.9447784423828,197.87603759765625,36.27754211425781,463.869873046875,540.342529296875,150.31939697265625,870.9503784179688,110.72120666503906,131.99136352539062,520.9376831054688,68.22600555419922
2024-08-13,219.43438720703125,406.8382873535156,115.81929016113281,162.7992706298828,199.55548095703125,36.55316162109375,470.0229797363281,548.8975219726562,148.91847229003906,894.2609252929688,109.6605224609375,131.1995391845703,529.5047607421875,68.48422241210938
2024-08-14,219.88067626953125,409.638916015625,117.75395965576172,159.0406494140625,201.7626953125,36.88581466674805,476.4818115234375,554.0878295898438,149.0030975341797,917.5321044921875,110.6746826171875,131.67282104492188,531.1752319335938,68.61333465576172
2024-08-15,222.85577392578125,414.4823913574219,122.52074432373047,159.96295166015625,203.01991271972656,37.09489822387695,476.78753662109375,554.030517578125,149.57662963867188,918.7155151367188,111.35935974121094,133.61146545410156,540.2798461914062,68.32744598388672
2024-08-16,224.1747283935547,411.9622802734375,124.2359848022461,161.60922241210938,205.34230041503906,37.389530181884766,481.7940979003906,552.1857299804688,149.8586883544922,909.3861694335938,110.83413696289062,134.0392303466797,541.4910888671875,68.47500610351562
2024-08-19,224.01605224609375,414.974609375,129.64100646972656,165.28846740722656,206.7626190185547,37.70317459106445,482.19537353515625,553.2373046875,150.08436584472656,909.0804443359375,111.17179107666016,135.1344451904297,546.6683959960938,68.55799865722656
2024-08-20,224.63092041015625,418.1938171386719,126.89862823486328,165.79421997070312,205.87013244628906,36.77175521850586,475.182373046875,555.0247192382812,150.5826416015625,936.8515014648438,107.46699523925781,133.16490173339844,545.7794799804688,68.76087951660156
2024-08-21,224.52183532714844,417.5440979003906,128.14515686035156,164.47525024414062,205.94692993164062,36.82878875732422,474.341552734375,552.5584716796875,151.7766876220703,938.8239135742188,106.78231048583984,133.74473571777344,547.6550903320312,68.908447265625
2024-08-22,222.66737365722656,409.08758544921875,123.39830017089844,162.44224548339844,207.8950653076172,37.294490814208984,475.57415771484375,553.1798706054688,152.64170837402344,940.9935302734375,107.6076889038086,134.12205505371094,543.3568115234375,68.63176727294922
2024-08-23,224.95816040039062,410.308349609375,129.01275634765625,164.24717712402344,209.50730895996094,37.798213958740234,486.72418212890625,558.7142333984375,154.31524658203125,939.5833129882812,109.0989761352539,135.8614959716797,549.1302490234375,68.93610382080078
2024-08-26,225.2953643798828,407.05963134765625,126.11079406738281,164.7826690673828,210.33262634277344,37.940773010253906,485.2432861328125,561.2186279296875,154.76654052734375,937.4038696289062,111.43438720703125,136.67140197753906,547.8211059570312,68.86234283447266
2024-08-27,226.13829040527344,407.4042663574219,127.94573211669922,163.31494140625,211.30191040039062,37.70317459106445,484.66046142578125,561.428955078125,154.36863708496094,941.2993774414062,110.37455749511719,135.24488830566406,548.5733642578125,68.86234283447266
2024-08-28,224.61109924316406,404.2146301269531,125.26314544677734,161.50010681152344,212.36715698242188,37.969295501708984,480.9054870605469,562.5664672851562,155.28758239746094,935.8358154296875,109.28656005859375,134.37057495117188,545.3887939453125,68.81623077392578
2024-08-29,227.8837127685547,406.6954040527344,117.26527404785156,160.43899536132812,213.2500762939453,38.17837905883789,487.3739318847656,565.462646484375,155.58126831054688,927.2164916992188,110.7966079711914,135.6774444580078,545.4375610351562,68.71479034423828
2024-08-30,227.10028076171875,410.6529846191406,119.04037475585938,162.02572631835938,215.7356414794922,38.72962188720703,490.4013671875,564.1531372070312,157.12539672851562,946.7628173828125,110.61841583251953,136.1652374267578,550.6443481445312,68.57643127441406
2024-09-03,220.92193603515625,403.07269287109375,107.70177459716797,156.05564880371094,211.41708374023438,38.682106018066406,468.4979248046875,572.2589111328125,158.35694885253906,943.321044921875,108.30174255371094,133.1372833251953,539.3126220703125,68.8687515258789
2024-09-04,219.01788330078125,402.54107666015625,105.91671752929688,155.15316772460938,210.48617553710938,38.49201583862305,471.5541687011719,577.5162353515625,158.5464324951172,933.2421264648438,106.97927856445312,130.7535858154297,538.2088012695312,69.17399597167969
2024-09-05,220.53518676757812,402.0389404296875,106.91397094726562,155.93663024902344,208.854736328125,38.14986801147461,468.90155029296875,569.209716796875,156.30123901367188,900.1455078125,106.14452362060547,129.70440673828125,536.8997802734375,69.34049987792969
2024-09-06,218.98814392089844,395.45306396484375,102.54605102539062,149.6689910888672,203.89321899414062,37.078460693359375,460.9532470703125,570.538330078125,155.72335815429688,890.2442626953125,105.6474380493164,127.52316284179688,527.8636474609375,69.42376708984375
2024-09-09,219.07737731933594,399.4105529785156,106.1760025024414,147.67303466796875,208.0677947998047,37.757659912109375,469.5647277832031,567.8809814453125,157.8358917236328,895.7274169921875,107.87030029296875,129.12457275390625,533.7737426757812,69.51628875732422
2024-09-10,218.2840118408203,407.7586364746094,107.8014907836914,147.6233673095703,197.27139282226562,37.57590103149414,448.958740234375,572.5935668945312,158.56536865234375,888.8043823242188,103.9404067993164,127.21944427490234,536.0987548828125,69.7475357055664
2024-09-11,220.8128662109375,416.4612121582031,116.58717346191406,150.10594177246094,198.87408447265625,37.30804443359375,452.8415832519531,563.7230834960938,156.14019775390625,908.1732177734375,102.90869903564453,126.8973388671875,541.5985107421875,69.71051788330078
2024-09-12,220.92193603515625,420.3595886230469,118.82117462158203,153.611328125,198.26947021484375,37.097591400146484,455.619140625,562.4517211914062,155.9696502685547,922.1080932617188,104.32496643066406,128.12142944335938,546.1605834960938,69.63653564453125
2024-09-13,220.65419006347656,423.89373779296875,118.7812728881836,156.36199951171875,196.08140563964844,36.97322463989258,460.3573913574219,568.0913696289062,156.80331420898438,910.9542846679688,104.24992370605469,129.40988159179688,549.0130004882812,69.78455352783203
2024-09-16,214.5254669189453,424.632080078125,116.46748352050781,156.9578094482422,199.47869873046875,37.40371322631836,466.287353515625,565.1368408203125,158.19589233398438,910.7865600585938,105.71308898925781,130.77198791503906,549.82373046875,69.96955108642578
2024-09-17,214.99156188964844,428.3828125,115.2806625366211,158.20904541015625,200.81260681152344,37.834190368652344,466.5084228515625,554.4124145507812,158.2716827392578,893.6663208007812,107.0918197631836,131.98684692382812,550.0484619140625,69.87703704833984
2024-09-18,218.85922241210938,424.1103515625,113.06661224365234,158.69561767578125,199.16197204589844,37.90114974975586,465.7298889160156,556.9927978515625,157.40011596679688,892.4730834960938,107.46699523925781,132.4930419921875,548.4169921875,69.66426849365234
2024-09-19,226.97132873535156,431.8677978515625,117.55458068847656,161.00936889648438,201.99302673339844,39.096920013427734,484.2311096191406,553.55859375,156.14019775390625,902.4039306640625,108.79883575439453,133.4409942626953,557.775634765625,69.66426849365234
2024-09-20,226.306884765625,428.5009765625,115.68958282470703,162.44924926757812,202.57843017578125,38.52294921875,479.0411376953125,551.572998046875,155.5149383544922,908.7648315429688,108.1141586303711,134.07603454589844,556.8114013671875,69.65501403808594
2024-09-23,224.5912628173828,426.7684020996094,115.9488754272461,160.7213897705078,202.914306640625,38.14030456542969,478.06085205078125,550.0476684570312,154.62445068359375,905.8358764648438,110.07441711425781,135.7878875732422,558.2027587890625,69.60877990722656
2024-09-24,225.48377990722656,422.4958801269531,120.54653930664062,161.15834045410156,203.05828857421875,37.73853302001953,478.6470947265625,551.7552490234375,154.2075958251953,911.6641845703125,109.78366088867188,135.70504760742188,559.7999877929688,69.69202423095703
2024-09-25,224.4920654296875,425.3901062011719,123.17948150634766,160.36390686035156,201.71475219726562,37.547203063964844,472.03472900390625,552.82958984375,152.14239501953125,911.7925415039062,107.64520263671875,132.50225830078125,558.5653076171875,69.43301391601562
2024-09-26,225.63253784179688,424.6025390625,123.70806121826172,161.5952606201172,201.32125854492188,37.80549240112305,477.5898742675781,551.3906860351562,152.8908233642578,896.762939453125,105.79749298095703,130.67996215820312,560.7798461914062,69.43301391601562
2024-09-27,225.90028381347656,421.3636779785156,121.07513427734375,162.80677795410156,202.01223754882812,37.690696716308594,479.11810302734375,558.143798828125,152.90028381347656,865.6682739257812,108.63002014160156,133.90118408203125,559.9664916992188,69.63653564453125
2024-09-30,231.06707763671875,423.6082458496094,121.11502075195312,164.69349670410156,202.3577117919922,37.958553314208984,475.85028076171875,560.858642578125,153.5255126953125,873.7057495117188,109.943115234375,135.53939819335938,562.2103881835938,69.47927856445312
2024-10-01,224.3334197998047,414.147705078125,116.68689727783203,165.8255615234375,198.6917266845703,37.51850509643555,471.10247802734375,559.5347900390625,153.459228515625,872.2659301757812,112.48487091064453,137.77581787109375,557.173828125,69.68431091308594
2024-10-02,224.898681640625,410.6430358886719,118.53195190429688,164.7034454345703,198.93165588378906,37.5280647277832,472.8517150878906,568.177734375,152.68238830566406,878.7649536132812,113.9761734008789,138.92626953125,557.4091186523438,69.55441284179688
2024-10-03,223.79788208007812,410.0622863769531,122.52124786376953,164.7034454345703,196.95472717285156,37.547203063964844,467.1908264160156,568.5997314453125,152.04766845703125,873.3211059570312,114.97037506103516,139.20237731933594,556.3900756835938,69.24824523925781
2024-10-04,224.9185028076172,409.5896911621094,124.58570861816406,165.8950653076172,203.9453582763672,38.369895935058594,475.89837646484375,567.1129760742188,151.84873962402344,874.908935546875,117.08069610595703,138.73300170898438,561.4461669921875,68.79364776611328
2024-10-07,219.85089111328125,403.17108154296875,127.37820434570312,161.84349060058594,203.66534423828125,38.22639846801758,475.3793640136719,559.7841796875,151.1287384033203,885.9937744140625,117.587158203125,139.0827178955078,556.3704223632812,68.58952331542969
2024-10-08,223.8970489501953,408.26068115234375,132.5343780517578,163.23374938964844,203.49156188964844,38.19770050048828,477.2535400390625,557.8848876953125,151.2803192138672,901.1021728515625,114.46388244628906,136.90151977539062,561.63232421875,68.69161224365234
2024-10-09,227.6357879638672,410.9679260253906,132.29501342773438,160.73133850097656,206.069580078125,38.44641876220703,485.52862548828125,567.132080078125,152.18975830078125,907.0390625,114.51078796386719,137.7298126220703,565.5224609375,68.50605773925781
2024-10-10,227.13992309570312,409.3731384277344,134.44923400878906,160.9497833251953,205.50958251953125,38.23596954345703,484.1253967285156,573.34814453125,152.05714416503906,898.114013671875,115.49559783935547,138.62254333496094,564.5327758789062,68.47821044921875
2024-10-11,225.6622772216797,409.8456726074219,134.4392547607422,162.10171508789062,214.6341094970703,40.130069732666016,496.2160339355469,573.683837890625,152.95712280273438,919.18896484375,115.93641662597656,139.3588104248047,567.9132080078125,68.48747253417969
2024-10-14,229.38116455078125,412.621826171875,137.70053100585938,163.80970764160156,213.8519744873047,40.09180450439453,502.4151306152344,580.7344360351562,153.08975219726562,916.6741333007812,116.37725830078125,139.69017028808594,572.557861328125,68.44109344482422
2024-10-15,231.91001892089844,412.2280578613281,131.24783325195312,164.30621337890625,214.7306671142578,40.31182098388672,502.0595703125,533.6251831054688,155.45809936523438,900.7077026367188,112.87879180908203,135.96273803710938,568.1093139648438,68.71016693115234
2024-10-16,229.85719299316406,409.6487731933594,135.35679626464844,164.00831604003906,215.93760681152344,40.94319152832031,509.2485046386719,548.0621337890625,155.62860107421875,903.764892578125,113.16954803466797,136.88308715820312,570.5784912109375,68.80293273925781
2024-10-17,230.22413635253906,410.23944091796875,136.56356811523438,161.7938690185547,216.6907501220703,40.751869201660156,508.4220275878906,542.9683227539062,155.80860900878906,904.4552001953125,112.87879180908203,139.15635681152344,570.6275634765625,68.46893310546875
2024-10-18,233.05047607421875,411.65704345703125,137.63070678710938,162.2804412841797,217.60801696777344,40.484012603759766,507.94146728515625,546.4026489257812,156.4243927001953,905.2933959960938,112.5599136352539,138.74220275878906,572.8224487304688,68.50605773925781
2024-10-21,234.51820373535156,412.2674255371094,143.325439453125,162.92593383789062,215.31964111328125,39.948307037353516,497.6576232910156,548.1868286132812,154.25498962402344,893.6170043945312,112.62555694580078,138.8618621826172,571.8817138671875,68.0421371459961
2024-10-22,233.90335083007812,420.8616638183594,143.2057342529297,163.98846435546875,216.4010467529297,40.46488571166992,498.1382141113281,546.642333984375,154.8423309326172,896.5953979492188,113.20706939697266,138.8986358642578,571.5779418945312,68.06998443603516
2024-10-23,228.84567260742188,417.9969177246094,139.1865234375,161.6448974609375,215.71554565429688,40.50314712524414,497.0810546875,541.635009765625,157.12539672851562,890.7767944335938,112.80375671386719,138.4936981201172,566.3552856445312,67.90299987792969
2024-10-24,228.65725708007812,418.1249084472656,140.03427124023438,161.5853271484375,217.2314453125,40.79969787597656,504.0970153808594,537.9611206054688,155.0507354736328,879.0115356445312,112.16597747802734,138.46607971191406,567.5802001953125,68.01433563232422
2024-10-25,229.49026489257812,421.49169921875,141.16122436523438,164.11752319335938,214.65341186523438,40.072669982910156,492.6599426269531,541.558349609375,152.40765380859375,880.3724975585938,112.07218933105469,138.7974090576172,567.384033203125,67.87518310546875
2024-10-28,231.4637451171875,419.9559631347656,140.1439666748047,165.55743408203125,217.73355102539062,40.77100372314453,503.212890625,542.2106323242188,153.08975219726562,883.2225341796875,111.518798828125,138.54891967773438,569.13818359375,67.79167175292969
2024-10-29,231.73150634765625,425.2326354980469,140.8720245361328,168.4967803955078,215.22308349609375,40.684906005859375,503.8856506347656,539.227294921875,151.65928649902344,891.1022338867188,109.99937438964844,136.68984985351562,570.0592041015625,67.84734344482422
2024-10-30,228.19113159179688,425.8035583496094,138.9671173095703,173.24346923828125,216.6810760498047,40.47445297241211,504.0009460449219,540.0235595703125,152.1519012451172,835.1359252929688,109.4460220336914,136.25726318359375,568.3345947265625,67.78239440917969
2024-10-31,224.035888671875,400.03070068359375,132.4047393798828,169.9168243408203,214.27687072753906,40.005706787109375,497.6480407714844,541.5007934570312,151.44139099121094,818.2818603515625,109.5304183959961,136.9659423828125,557.1934204101562,67.77310943603516
2024-11-01,221.06076049804688,403.9881591796875,135.03765869140625,170.0955810546875,215.26173400878906,39.948307037353516,499.14739990234375,544.43603515625,151.69715881347656,807.6211547851562,107.81402587890625,140.87741088867188,559.5452270507812,67.51067352294922
2024-11-04,220.168212890625,402.1078796386719,135.68594360351562,168.05987548828125,212.21054077148438,39.53696823120117,491.5738830566406,535.044921875,149.90670776367188,795.0078125,111.24681091308594,141.7057342529297,558.3399047851562,67.78056335449219
2024-11-05,221.59628295898438,405.0612487792969,139.53561401367188,168.556396484375,213.8616485595703,40.0631103515625,506.46136474609375,543.9276733398438,150.0109100341797,794.9288940429688,111.5750961303711,141.1903076171875,565.09130859375,67.94808959960938
2024-11-06,220.8723602294922,413.6456298828125,145.22035217285156,175.27915954589844,238.55101013183594,43.43996047973633,572.7964477539062,572.3792114257812,149.56565856933594,765.6588134765625,113.48844146728516,145.15699768066406,579.1425170898438,67.38968658447266
2024-11-07,225.59286499023438,418.81396484375,148.4816131591797,179.48959350585938,228.2388458251953,42.827728271484375,559.5236206054688,580.7823486328125,148.4761962890625,786.4378662109375,113.6291275024414,144.28269958496094,583.62060546875,67.89224243164062
2024-11-08,225.32481384277344,415.9689636230469,147.2349090576172,177.1063232421875,228.81817626953125,43.17211151123047,566.337890625,590.7202758789062,147.28256225585938,820.0569458007812,113.59162139892578,144.429931640625,586.148681640625,68.02252960205078
2024-11-11,222.614501953125,411.5094299316406,144.8712615966797,179.09239196777344,231.048583984375,44.080902099609375,578.9091186523438,599.775634765625,146.87521362304688,820.944580078125,112.9913558959961,144.0341796875,586.707275390625,67.89224243164062
2024-11-12,222.614501953125,416.4512939453125,147.89315795898438,180.353515625,231.30931091308594,43.87043762207031,569.5383911132812,589.6266479492188,144.6016082763672,807.5521240234375,112.87879180908203,142.92056274414062,584.8846435546875,67.48272705078125
2024-11-13,223.4980926513672,418.58758544921875,145.87855529785156,177.6326446533203,232.85418701171875,43.8800048828125,571.1048583984375,581.1851806640625,145.17001342773438,800.5994873046875,113.92927551269531,146.0773468017578,585.1687622070312,67.4548110961914
2024-11-14,226.57574462890625,420.2513122558594,146.36724853515625,174.3556365966797,233.5397491455078,43.9087028503418,565.7131958007812,568.9833984375,143.87216186523438,775.3726196289062,114.00492095947266,148.91201782226562,581.4061279296875,67.43621826171875
2024-11-15,223.37893676757812,408.5462341308594,141.6000518798828,171.28721618652344,236.86126708984375,44.72182846069336,570.4513549804688,568.1009521484375,145.88998413085938,737.1143188476562,112.82288360595703,148.5623016357422,573.9591674804688,67.4548110961914
2024-11-18,226.377197265625,409.2944030761719,139.77493286132812,174.0775909423828,236.59091186523438,44.6931266784668,565.1171875,565.6260986328125,146.6194610595703,718.3456420898438,113.76851654052734,149.46412658691406,576.310791015625,67.51998901367188
2024-11-19,226.63528442382812,411.2928161621094,146.61659240722656,176.87794494628906,234.71771240234375,44.39657974243164,558.7643432617188,553.4913940429688,144.94265747070312,720.8447875976562,112.17986297607422,148.38565063476562,578.4174194335938,67.64094543457031
2024-11-20,227.35009765625,409.028564453125,145.49960327148438,174.75286865234375,232.48727416992188,44.061767578125,559.2930297851562,576.0339965820312,145.04685974121094,744.2365112304688,113.77796936035156,149.9940948486328,578.6134033203125,67.5665054321289
2024-11-21,226.87356567382812,407.26287841796875,146.27749633789062,166.46109008789062,236.3302001953125,44.44441223144531,572.9213256835938,573.1466064453125,147.3109893798828,740.7889404296875,115.30042266845703,150.27301025390625,581.7196655273438,67.52926635742188
2024-11-22,228.21383666992188,411.3367614746094,141.5701141357422,163.611083984375,239.9897003173828,44.96098327636719,579.33203125,566.7963256835938,146.9983673095703,738.90234375,115.16804504394531,150.9517059326172,583.5226440429688,67.55719757080078
2024-11-25,231.19224548339844,413.1025390625,135.656005859375,166.48092651367188,241.66973876953125,45.43928527832031,579.572265625,581.1469116210938,147.57623291015625,745.80712890625,113.4469985961914,149.09222412109375,585.501953125,68.18074035644531
2024-11-26,233.36647033691406,422.17755126953125,136.55360412597656,167.94070434570312,241.36077880859375,45.67844009399414,581.9461669921875,582.067626953125,147.55714416503906,779.7092895507812,111.55574798583984,151.1097412109375,588.5592041015625,68.05974578857422
2024-11-27,233.23741149902344,417.2454528808594,134.97781372070312,168.04991149902344,241.18695068359375,45.69757843017578,581.8788452148438,583.593017578125,148.39747619628906,778.593017578125,111.26261138916016,150.71926879882812,586.7757568359375,68.24590301513672
2024-11-29,235.6201171875,417.7090759277344,137.8800506591797,167.77188110351562,241.119384765625,45.4488525390625,584.896728515625,585.3388061523438,148.02505493164062,785.6658325195312,111.54627990722656,150.55191040039062,590.4208984375,68.49715423583984
2024-12-02,237.8638153076172,425.1269836425781,138.2589874267578,170.29417419433594,237.76890563964844,44.99925231933594,581.1685180664062,583.7272338867188,147.82452392578125,790.0616455078125,111.44227600097656,150.812255859375,591.4791259765625,68.53730773925781
2024-12-03,240.90176391601562,425.3439636230469,139.88465881347656,170.1452178955078,236.38816833496094,44.788795471191406,581.5258178710938,580.5712280273438,145.49447631835938,803.4268798828125,111.27205657958984,150.54263305664062,591.7535400390625,68.37860870361328
2024-12-04,241.25917053222656,431.4795227050781,144.7515869140625,173.1540985107422,235.0170440673828,44.358314514160156,578.2709350585938,585.9047241210938,143.6896514892578,819.7360229492188,108.0663833618164,147.1956024169922,595.4281005859375,68.61199188232422
2024-12-05,241.28897094726562,436.60888671875,144.68179321289062,171.43614196777344,237.02542114257812,44.96098327636719,576.4261474609375,555.381103515625,142.782470703125,815.5671997070312,108.5391845703125,148.13461303710938,594.4481811523438,68.6213150024414
2024-12-06,241.09039306640625,437.54595947265625,142.068603515625,173.49172973632812,238.84066772460938,44.970603942871094,579.2078247070312,527.2269897460938,142.5819091796875,816.64404296875,107.39498138427734,144.33200073242188,595.5750732421875,68.80802154541016
2024-12-09,244.9722442626953,439.9626770019531,138.4480743408203,174.34669494628906,235.41293334960938,44.16257095336914,573.8375854492188,539.841552734375,142.85885620117188,793.795654296875,106.76141357421875,146.04270935058594,592.5079956054688,68.60265350341797
2024-12-10,245.98489379882812,437.3092041015625,134.71783447265625,184.08949279785156,234.4956512451172,44.0086669921875,565.0579223632812,544.2420654296875,142.50550842285156,789.8443603515625,106.54390716552734,145.9683074951172,590.6658935546875,68.5279769897461
2024-12-11,244.714111328125,442.8923645019531,138.94677734375,194.2598419189453,235.142578125,44.326107025146484,572.3308715820312,513.755615234375,140.03224182128906,786.337646484375,105.8346939086914,145.2338409423828,595.2322387695312,68.37860870361328
2024-12-12,246.1735382080078,443.45458984375,136.98190307617188,190.83990478515625,233.21144104003906,44.326107025146484,571.4132690429688,496.6441345214844,139.65023803710938,772.8240966796875,105.74011993408203,143.83924865722656,592.1651611328125,68.10790252685547
2024-12-13,246.34230041503906,441.1956787109375,133.8999786376953,188.71238708496094,231.67620849609375,43.931705474853516,565.4924926757812,501.18914794921875,140.01312255859375,779.51171875,104.81340789794922,143.05825805664062,592.0474243164062,67.83717346191406
2024-12-16,249.23133850097656,445.45703125,131.6558074951172,195.51248168945312,231.32861328125,43.73931884765625,566.3135986328125,480.02386474609375,137.3679656982422,769.514892578125,102.57227325439453,138.8651580810547,594.575439453125,67.91187286376953
2024-12-17,251.6537322998047,448.2880859375,130.05001831054688,194.2797088623047,230.15065002441406,43.33530807495117,555.061279296875,467.52490234375,139.81260681152344,769.1395874023438,102.13729095458984,137.70298767089844,592.1258544921875,67.92121124267578
2024-12-18,246.2628631591797,431.449951171875,128.57388305664062,187.30067443847656,222.4358367919922,41.844303131103516,531.4652709960938,481.1986083984375,138.22740173339844,755.3988647460938,100.63373565673828,133.95616149902344,574.478515625,67.38911437988281
2024-12-19,247.99032592773438,431.0948181152344,130.33926391601562,187.41001892089844,224.9366455078125,41.72886657714844,535.0775756835938,471.11669921875,137.110107421875,748.316162109375,99.7732162475586,131.23202514648438,574.302001953125,67.20240783691406
2024-12-20,252.656494140625,430.6706237792969,134.34878540039062,190.29310607910156,229.41680908203125,42.488800048828125,546.774169921875,481.5934753417969,137.96002197265625,758.411865234375,100.11365509033203,132.81259155273438,581.2000122070312,67.40777587890625
2024-12-23,253.4308624267578,429.3389587402344,139.30581665039062,193.4943389892578,230.17959594726562,42.21946334838867,551.29443359375,487.5732727050781,138.72396850585938,786.5846557617188,100.52027130126953,132.9241485595703,584.6803588867188,67.19307708740234
2024-12-24,256.3397216796875,433.363525390625,139.85440063476562,194.96566772460938,233.96458435058594,42.69081115722656,562.8944702148438,487.3421630859375,139.27783203125,785.9819946289062,100.61483001708984,133.73301696777344,591.1791381835938,67.2895278930664
2024-12-26,257.15380859375,432.1601257324219,139.56515502929688,194.4586639404297,234.76600646972656,42.854339599609375,561.3876342773438,492.2049865722656,139.01998901367188,784.4706420898438,100.6999282836914,133.86317443847656,591.218505859375,67.33637237548828
2024-12-27,253.74855041503906,424.68304443359375,136.65274047851562,191.63522338867188,232.86386108398438,42.6523323059082,556.5100708007812,491.0879821777344,138.51390075683594,773.6341552734375,100.69047546386719,133.8817901611328,584.9950561523438,67.19589233398438
2024-12-30,250.38296508789062,419.0604553222656,137.1315155029297,190.12411499023438,231.07757568359375,42.23870086669922,553.9698486328125,488.9791564941406,136.8809051513672,764.417724609375,100.00963592529297,133.0171356201172,578.3192749023438,67.45811462402344
2024-12-31,248.61582946777344,415.77569580078125,133.9398651123047,188.19541931152344,231.45413208007812,42.27717590332031,553.0715942382812,487.1110534667969,138.1032257080078,762.6001586914062,101.72120666503906,134.66273498535156,576.2152099609375,67.3457260131836
2025-01-02,242.0931396484375,412.8952941894531,137.94937133789062,188.3246612548828,231.73416137695312,42.60423278808594,555.34130859375,485.81109619140625,137.53028869628906,768.59619140625,101.475341796875,136.4013671875,574.799560546875,67.37382507324219
2025-01-03,241.60667419433594,417.6005554199219,144.0933074951172,190.67088317871094,234.90115356445312,43.10444259643555,560.3252563476562,493.98638916015625,137.69264221191406,772.4585571289062,101.99543762207031,137.46127319335938,581.9865112304688,67.2895278930664
2025-01-06,243.23484802246094,422.0394592285156,149.04039001464844,195.7212371826172,233.75595092773438,43.67198944091797,563.4739990234375,494.6315612792969,137.1865234375,755.7841186523438,101.88196563720703,136.9127197265625,585.339111328125,67.22398376464844
2025-01-07,240.4649658203125,416.6338806152344,139.77459716796875,194.3493194580078,236.00759887695312,44.326107025146484,560.3156127929688,495.19012451171875,139.64068603515625,763.87451171875,102.83704376220703,139.07899475097656,578.7223510742188,66.98986053466797
2025-01-08,240.951416015625,418.79412841796875,139.74468994140625,192.81829833984375,235.9687957763672,44.45115280151367,560.2191162109375,505.0794677734375,135.85914611816406,777.634765625,101.11601257324219,139.73910522460938,579.56787109375,67.06478118896484
2025-01-10,235.14356994628906,413.26031494140625,135.5556182861328,190.91941833496094,232.80479431152344,43.39302444458008,540.8824462890625,501.3913879394531,135.6586151123047,790.1604614257812,100.7472152709961,142.37954711914062,570.7193603515625,66.71825408935547
2025-01-13,232.71121215820312,411.52423095703125,132.88262939453125,189.8954315185547,237.0169677734375,43.34492874145508,543.731689453125,521.08349609375,137.96002197265625,787.7698974609375,103.34769439697266,144.4342803955078,571.604248046875,66.65267944335938
2025-01-14,231.59927368164062,410.0248718261719,131.4164581298828,188.55331420898438,240.1809539794922,44.03751754760742,552.0188598632812,523.5870971679688,138.22740173339844,735.8399658203125,103.75431060791016,145.87535095214844,572.3907470703125,66.69952392578125
2025-01-15,236.1562042236328,420.5203857421875,135.88478088378906,194.40895080566406,244.91720581054688,45.307281494140625,585.2348022460938,523.2789306640625,138.43748474121094,737.6476440429688,105.44698333740234,147.2048797607422,582.802490234375,67.23333740234375
2025-01-16,226.61544799804688,418.8138122558594,133.2217559814453,191.78436279296875,246.7806854248047,44.86478805541992,592.0633544921875,491.6657409667969,141.11129760742188,748.37548828125,105.26731872558594,148.18112182617188,581.6817016601562,67.36445617675781
2025-01-17,228.32302856445312,423.203369140625,137.35096740722656,194.85633850097656,251.52667236328125,44.75897216796875,604.5713500976562,490.8665466308594,140.4046630859375,716.8836669921875,106.21294403076172,150.12425231933594,587.5217895507812,67.38317108154297
2025-01-21,221.0359344482422,422.6806335449219,140.4628143310547,196.8943634033203,255.28265380859375,44.884029388427734,613.0709228515625,505.531982421875,141.47418212890625,733.3111572265625,105.4091567993164,147.12120056152344,592.8995971679688,67.57987976074219
2025-01-22,222.21734619140625,440.1402282714844,146.68653869628906,197.21249389648438,255.09825134277344,44.047142028808594,611.1294555664062,500.45733642578125,138.72396850585938,744.7994995117188,103.57463073730469,145.4197998046875,596.2326049804688,67.43939208984375
2025-01-23,222.04859924316406,440.643310546875,146.83615112304688,196.8247528076172,258.1166687011719,44.62430191040039,617.66845703125,510.1348571777344,140.03224182128906,757.2658081054688,104.16092681884766,145.04791259765625,599.4868774414062,67.33637237548828
2025-01-24,221.1749267578125,438.029296875,142.24813842773438,199.04177856445312,257.039306640625,44.74935531616211,615.1572265625,512.7734375,140.20413208007812,775.8468017578125,102.75193786621094,144.7131805419922,597.7368774414062,67.46749114990234
2025-01-27,228.20391845703125,428.6583251953125,118.1112289428711,190.69078063964844,258.0196228027344,45.29765701293945,611.6608276367188,523.375244140625,146.00059509277344,798.3296508789062,104.17985534667969,146.18218994140625,589.2816162109375,67.82333374023438
2025-01-28,236.5434112548828,441.1266784667969,128.65370178222656,194.160400390625,259.2716369628906,45.05717468261719,616.0264282226562,522.3737182617188,143.6037139892578,795.1884155273438,102.1656494140625,145.2338409423828,594.344970703125,67.785888671875
2025-01-29,237.63548278808594,436.32281494140625,123.37747192382812,194.26974487304688,258.7280578613281,44.970603942871094,615.6207885742188,518.1561279296875,144.33901977539062,794.28955078125,102.76139831542969,144.75038146972656,591.6804809570312,67.74842834472656
2025-01-30,235.8782196044922,409.3540954589844,124.32499694824219,199.69790649414062,260.3294677734375,44.941741943359375,623.6566772460938,525.349365234375,145.9814910888672,813.2063598632812,103.61248016357422,145.3361358642578,594.856201171875,67.84209442138672
2025-01-31,234.2996826171875,409.42315673828125,119.75694274902344,202.8295440673828,259.4268798828125,44.53773498535156,618.5376586914062,522.3833618164062,145.29393005371094,801.204345703125,101.02145385742188,138.70712280273438,591.6903686523438,67.74842834472656
2025-02-03,226.36724853515625,405.3394470214844,116.35584259033203,200.05580139160156,258.9512939453125,44.45115280151367,610.7818603515625,527.8624877929688,145.0265655517578,800.5621948242188,101.26730346679688,138.84657287597656,587.70849609375,67.80950164794922
2025-02-04,231.12277221679688,406.7696533203125,118.34063720703125,205.17576599121094,260.04803466796875,44.93212127685547,612.530029296875,525.2337646484375,146.57357788085938,816.0117797851562,103.98125457763672,142.4539337158203,591.6510009765625,67.90345001220703
2025-02-05,230.7951202392578,407.67718505859375,124.50453186035156,190.2135772705078,262.4647216796875,45.31690216064453,623.4153442382812,519.8027954101562,147.71949768066406,831.9255981445312,103.9056167602539,142.2401123046875,594.0499267578125,68.25111389160156
2025-02-06,231.5397186279297,410.1728210449219,128.344482421875,190.48199462890625,268.74407958984375,45.92292022705078,635.749267578125,510.39483642578125,146.59263610839844,859.7723388671875,102.53446197509766,141.22669982910156,596.1146240234375,68.17594146728516
2025-02-07,225.98997497558594,404.18524169921875,129.50144958496094,184.25851440429688,267.676513671875,45.59585952758789,633.5086059570312,507.49652099609375,146.22023010253906,867.6157836914062,102.96943664550781,141.89608764648438,590.6580810546875,67.96923828125
2025-02-10,226.25831604003906,406.6216735839844,133.2217559814453,185.38194274902344,263.0567321777344,44.893646240234375,628.3218994140625,513.6014404296875,147.2897491455078,858.3005981445312,104.93635559082031,144.82476806640625,594.6693115234375,67.988037109375
2025-02-11,231.19793701171875,405.8523254394531,132.45375061035156,184.2386474609375,266.89031982421875,45.00908279418945,625.1442260742188,514.1310424804688,149.0946044921875,854.4678344726562,105.5982894897461,146.37741088867188,595.1216430664062,67.87528991699219
2025-02-12,235.42196655273438,403.48492431640625,130.79808044433594,182.53860473632812,267.33685302734375,44.45115280151367,626.8441162109375,507.85272216796875,148.2637939453125,862.3408203125,102.42118835449219,144.015869140625,593.2044677734375,67.52764129638672
2025-02-13,240.05348205566406,404.9645690917969,134.93724060058594,185.0538787841797,268.1812438964844,44.566593170166016,626.7958984375,511.4925842285156,150.1641387939453,861.2442626953125,103.16536712646484,144.9270477294922,599.4672241210938,67.93165588378906
2025-02-14,243.10475158691406,402.8831787109375,138.48797607421875,184.14915466308594,268.4432678222656,45.172603607177734,637.999755859375,504.10687255859375,149.11370849609375,835.4275512695312,103.27030944824219,146.0269012451172,599.4376220703125,68.14776611328125
2025-02-18,242.97552490234375,404.07672119140625,139.03652954101562,182.69766235351562,271.7043151855469,44.75897216796875,649.2424926757812,482.1711730957031,149.19070434570312,848.2221069335938,105.08308410644531,146.7977294921875,601.1976318359375,67.89407348632812
2025-02-19,243.37307739257812,409.1370544433594,138.86697387695312,184.18894958496094,271.02490234375,44.258758544921875,645.34033203125,492.09906005859375,151.982177734375,857.968994140625,105.23572540283203,147.8035888671875,602.61328125,67.988037109375
2025-02-20,244.32720947265625,411.3017272949219,139.74468994140625,183.48306274414062,258.94158935546875,43.5757942199707,620.3342895507812,483.798583984375,153.70521545410156,863.975341796875,106.8576889038086,149.27005004882812,600.1062622070312,68.07259368896484
2025-02-21,244.0489044189453,403.4735412597656,134.07949829101562,178.61167907714844,256.45703125,43.10444259643555,604.2429809570312,449.1329040527344,156.22718811035156,864.5294799804688,105.60783386230469,147.5121612548828,589.8419799804688,68.37326049804688
2025-02-24,245.58944702148438,399.31243896484375,129.94032287597656,178.2040557861328,253.6424102783203,42.76776123046875,604.7644653320312,444.41448974609375,157.61331176757812,872.168701171875,106.16119384765625,148.42401123046875,587.157958984375,68.46721649169922
2025-02-25,245.52980041503906,393.2831726074219,126.2998275756836,174.3964080810547,249.81846618652344,42.267547607421875,593.9179077148438,452.946044921875,159.87535095214844,892.35498046875,104.69190216064453,147.04214477539062,584.2379760742188,68.89942932128906
2025-02-26,238.89064025878906,395.0919494628906,130.9376983642578,171.7220916748047,251.1675567626953,42.267547607421875,596.6802368164062,446.40771484375,156.97801208496094,905.4266357421875,104.4343032836914,145.83888244628906,584.5328369140625,69.00276947021484
2025-02-27,235.84934997558594,387.97552490234375,119.83672332763672,167.51678466796875,251.4198760986328,42.440696716308594,587.2437744140625,451.19354248046875,157.60366821289062,895.6798095703125,105.09262084960938,147.2771453857422,575.2025756835938,68.91820526123047
2025-02-28,240.36160278320312,392.3837585449219,124.59429931640625,169.28640747070312,256.85491943359375,44.34534454345703,604.0263061523438,457.3562927246094,158.8454132080078,910.98779296875,106.21844482421875,149.11024475097656,584.178955078125,69.20948028564453
2025-03-03,236.57489013671875,383.98236083984375,113.76260375976562,166.03546142578125,252.94361877441406,43.825897216796875,587.4961547851562,449.7394714355469,161.0208282470703,919.9825439453125,102.81234741210938,143.9117889404297,573.9441528320312,69.36873626708984
2025-03-04,234.4877166748047,384.1009826660156,115.68757629394531,169.9226531982422,242.8790740966797,41.04589080810547,564.083984375,457.019287109375,159.23043823242188,901.5180053710938,102.60245513916016,142.8871307373047,567.150390625,69.1708755493164
2025-03-05,234.2988739013672,396.36700439453125,116.99415588378906,172.0104217529297,244.12136840820312,40.680362701416016,575.6638793945312,458.3385314941406,158.94166564941406,919.9825439453125,100.59886932373047,141.7684783935547,573.2460327148438,68.92582702636719
2025-03-06,233.89138793945312,392.284912109375,110.28170776367188,171.34434509277344,239.2783203125,39.8819465637207,551.0093383789062,469.6434020996094,159.62510681152344,903.2002563476562,102.67878723144531,143.78018188476562,563.0703735351562,68.8692855834961
2025-03-07,237.60853576660156,388.7464599609375,112.39619445800781,172.8455047607422,235.14381408691406,40.07555389404297,543.244140625,475.18994140625,160.45294189453125,860.472412109375,104.0145034790039,146.96693420410156,566.2262573242188,68.79388427734375
2025-03-10,226.08938598632812,375.7490234375,106.70106506347656,165.092041015625,225.38015747070312,38.5557746887207,516.0562133789062,464.3976135253906,161.4251251220703,821.0694580078125,106.66686248779297,148.12319946289062,551.1445922851562,69.11428833007812
2025-03-11,219.48995971679688,376.03570556640625,108.4764175415039,163.27061462402344,222.390869140625,38.342811584472656,515.8330078125,470.0258483886719,159.6539764404297,815.4291381835938,104.14807891845703,144.84243774414062,546.5628051757812,68.85045623779297
2025-03-12,215.653564453125,378.82293701171875,115.44884490966797,166.32623291015625,221.18736267089844,38.63322067260742,519.9874267578125,465.25830078125,156.756591796875,813.252197265625,104.11946105957031,143.5169677734375,549.4632568359375,68.7090835571289
2025-03-13,208.39817810058594,374.3751525878906,115.28924560546875,161.99661254882812,218.55718994140625,38.40089416503906,509.4073181152344,465.6547546386719,156.89137268066406,793.2539672851562,103.68057250976562,144.4005889892578,542.1386108398438,68.9164047241211
2025-03-14,212.18490600585938,384.05157470703125,121.36392211914062,164.71383666992188,225.59365844726562,39.58186340332031,525.52001953125,472.5498352050781,156.7180938720703,804.9599609375,106.76227569580078,147.60617065429688,553.3369750976562,68.74678039550781
2025-03-17,212.69178771972656,384.18994140625,119.22930145263672,163.51947021484375,227.03973388671875,40.11427307128906,535.1586303710938,482.5781555175781,156.7469940185547,816.1218872070312,108.53688049316406,149.20423889160156,557.6039428710938,68.84101104736328
2025-03-18,211.38978576660156,379.0700378417969,115.1396255493164,159.91644287109375,228.0491180419922,40.31755065917969,535.5857543945312,487.20068359375,158.10421752929688,813.8954467773438,108.42237854003906,151.1689453125,551.5770263671875,68.9164047241211
2025-03-19,213.92420959472656,383.3201599121094,117.22435760498047,163.12130737304688,232.06719970703125,40.85963821411133,540.9825439453125,486.6205139160156,156.89137268066406,828.2435913085938,110.11112213134766,154.21470642089844,557.584228515625,69.12372589111328
2025-03-20,212.79116821289062,382.3515319824219,118.23182678222656,162.0364532470703,231.97010803222656,41.121002197265625,546.1658325195312,494.4535827636719,156.9202423095703,833.7453002929688,110.57862854003906,154.8915252685547,555.9718627929688,69.15199279785156
2025-03-21,216.93568420410156,386.7202453613281,117.4039077758789,163.22085571289062,234.51296997070312,41.11132049560547,548.5536499023438,499.8206481933594,157.50743103027344,828.7977294921875,110.19698333740234,154.8727264404297,556.1552734375,69.09545135498047
2025-03-24,219.38064575195312,388.5191345214844,121.10458374023438,166.89353942871094,240.75357055664062,41.69212341308594,563.074462890625,499.4822692871094,157.1801300048828,855.8414916992188,110.48320770263672,155.1265411376953,566.1151733398438,68.79388427734375
2025-03-25,222.38218688964844,390.5749816894531,120.38639068603516,169.7600555419922,243.733154296875,41.89540481567383,568.7431030273438,496.5133972167969,154.9950714111328,843.4229125976562,111.23693084716797,155.99139404296875,567.4760131835938,68.87871551513672
2025-03-26,220.17575073242188,385.4452209472656,113.47382354736328,164.2858428955078,243.63609313964844,41.45012664794922,557.075927734375,501.126220703125,155.66888427734375,818.1008911132812,112.83980560302734,157.89968872070312,560.701416015625,68.72791290283203
2025-03-27,222.4815673828125,386.0481262207031,111.14968872070312,161.47909545898438,240.81179809570312,41.19844436645508,542.5161743164062,498.7279357910156,157.026123046875,813.0642700195312,112.47724914550781,156.65879821777344,559.2123413085938,68.69966888427734
2025-03-28,216.5679168701172,374.4048156738281,109.39411926269531,153.60617065429688,235.69705200195312,39.93035125732422,527.1798706054688,499.0373840332031,157.58444213867188,813.8954467773438,112.3246078491211,156.1323699951172,547.9506225585938,69.09545135498047
2025-03-31,220.7720947265625,371.034423828125,108.10736083984375,153.91473388671875,238.07489013671875,40.39499282836914,530.2568969726562,506.4933776855469,159.6347198486328,817.259765625,113.46949768066406,157.2604522705078,551.6289672851562,69.21797180175781
2025-04-01,221.82559204101562,377.7554626464844,109.87291717529297,156.33334350585938,236.48318481445312,40.16267395019531,532.3535766601562,505.8840637207031,147.51580810546875,796.79638671875,113.57444763183594,158.40728759765625,553.18701171875,69.43541717529297
2025-04-02,222.52133178710938,377.7060852050781,110.14221954345703,156.30343627929688,238.57955932617188,40.51115417480469,546.5734252929688,505.9615173339844,149.54685974121094,809.6503295898438,113.22142791748047,156.48959350585938,556.687744140625,69.37869262695312
2025-04-03,201.9478759765625,368.7808532714844,101.54391479492188,150.0131072998047,221.95411682128906,36.02927780151367,496.2258605957031,522.6334838867188,153.83999633789062,780.8255004882812,107.26793670654297,146.76011657714844,529.2537231445312,69.73796844482422
2025-04-04,187.22840881347656,355.66485595703125,94.07275390625,144.91712951660156,205.3434295654297,33.28981399536133,456.99212646484375,507.75048828125,147.50619506835938,730.4783325195312,99.54936981201172,134.68994140625,498.2696838378906,69.7947006225586
2025-04-07,180.3507080078125,353.7077941894531,97.39437103271484,146.0617218017578,209.40577697753906,34.441741943359375,451.84765625,507.412109375,144.98422241210938,716.1499633789062,98.21365356445312,131.74755859375,497.3821716308594,68.95321655273438
2025-04-08,171.365966796875,350.4460754394531,96.05775451660156,144.02134704589844,211.77871704101562,33.90933609008789,448.6542663574219,534.8569946289062,144.3874053955078,718.6337280273438,96.1432876586914,128.7206268310547,489.5917663574219,68.5561294555664
2025-04-09,197.63438415527344,385.95916748046875,114.04239654541016,157.9656524658203,228.83859252929688,35.96152114868164,501.7002868652344,559.4395141601562,145.32110595703125,745.8159790039062,100.94235229492188,137.2750244140625,541.0084228515625,68.71685791015625
2025-04-10,189.2559356689453,376.92523193359375,107.29939270019531,152.10324096679688,221.77833557128906,34.703102111816406,475.4247741699219,574.8155517578125,143.12643432617188,713.3595581054688,95.34185028076172,126.88753509521484,517.3019409179688,68.16849517822266
2025-04-11,196.9386749267578,383.94287109375,110.65093994140625,156.40298461914062,230.65493774414062,34.79990768432617,479.9286193847656,579.718505859375,146.05267333984375,724.7391357421875,98.40447998046875,127.49856567382812,526.531982421875,68.0928726196289
2025-04-14,201.28195190429688,383.3102722167969,110.43150329589844,158.32395935058594,229.20965576171875,35.49686813354492,489.1885986328125,567.7174682617188,148.5842742919922,746.4493408203125,98.64299774169922,127.2071533203125,531.64013671875,68.48049926757812
2025-04-15,200.90428161621094,381.25439453125,111.9177474975586,155.57688903808594,227.6570281982422,36.77464294433594,492.98388671875,564.36181640625,147.87197875976562,749.2496337890625,98.36631774902344,126.47390747070312,530.151123046875,68.65068817138672
2025-04-16,193.0823974609375,367.2982177734375,104.2271499633789,152.61087036132812,224.2196502685547,36.13576126098633,484.4032897949219,565.763916015625,148.151123046875,727.2030639648438,99.40628051757812,127.2447280883789,518.366943359375,68.83976745605469
2025-04-17,195.7758331298828,363.5126953125,101.23468780517578,150.4510498046875,226.5144805908203,36.21319580078125,494.53692626953125,439.14788818359375,151.57789611816406,831.1626586914062,102.01091766357422,129.60427856445312,519.1064453125,68.68852233886719
2025-04-21,191.9791717529297,354.9531555175781,96.66622924804688,146.97740173339844,223.61419677734375,35.73887252807617,486.6455383300781,411.3161315917969,151.04847717285156,809.4525146484375,100.51300811767578,125.71244812011719,506.7503662109375,68.31031036376953
2025-04-22,198.51898193359375,362.5638427734375,98.64122772216797,150.7595977783203,230.0592498779297,37.09408187866211,504.72869873046875,413.1051330566406,151.84742736816406,818.8727416992188,103.32756805419922,129.06845092773438,519.9348754882812,68.43323516845703
2025-04-23,203.34922790527344,370.0460205078125,102.45162200927734,154.62139892578125,235.22506713867188,37.51033020019531,513.7752075195312,413.85943603515625,149.56610107421875,820.7330322265625,102.44026184082031,128.485595703125,527.9915161132812,68.57505798339844
2025-04-24,207.09619140625,382.8061828613281,106.16226196289062,158.53294372558594,238.89678955078125,38.313777923583984,529.3638305664062,410.271728515625,149.1329345703125,850.7256469726562,103.64241790771484,130.73233032226562,539.1051635742188,68.96268463134766
2025-04-25,208.00062561035156,387.30340576171875,110.73075103759766,161.2003936767578,237.83238220214844,38.420257568359375,528.8688354492188,404.8465881347656,148.79603576660156,875.2757568359375,103.58516693115234,130.41270446777344,543.0003051757812,69.1895980834961
2025-04-28,208.85537719726562,386.6213684082031,108.45648193359375,159.85670471191406,237.51011657714844,38.50737762451172,530.3637084960938,406.1617736816406,149.53724670410156,868.1016845703125,103.64241790771484,131.70057678222656,543.2073974609375,69.35978698730469
2025-04-29,209.91885375976562,389.4679870605469,108.74574279785156,159.40884399414062,238.87725830078125,38.71066665649414,532.8096923828125,395.7466125488281,150.07626342773438,875.9288330078125,103.38481140136719,130.9485321044922,546.6293334960938,69.5394287109375
2025-04-30,211.20094299316406,390.6738586425781,108.64599609375,158.05519104003906,238.87725830078125,38.60417938232422,531.4798583984375,397.8837890625,150.4613037109375,889.534912109375,100.78014373779297,127.90278625488281,546.84619140625,69.49214935302734
2025-05-01,212.0159454345703,420.464111328125,111.32923126220703,160.54348754882812,241.09397888183594,38.88490295410156,537.57568359375,387.478271484375,148.68055725097656,785.7830200195312,100.92326354980469,128.0907745361328,550.7216186523438,69.29864501953125
2025-05-02,204.09466552734375,430.2295227050781,114.21196746826172,163.26068115234375,246.58203125,39.75611114501953,549.4854736328125,386.7433776855469,150.27841186523438,814.9937744140625,101.3335189819336,130.19650268554688,558.8966674804688,68.95719146728516
2025-05-05,197.67416381835938,431.10919189453125,113.53367614746094,163.43984985351562,246.630859375,39.804500579833984,543.1373901367188,391.47222900390625,149.20033264160156,812.8565673828125,98.52850341796875,127.37635040283203,555.6918334960938,68.86235809326172
2025-05-06,197.29647827148438,428.2823486328125,113.25438690185547,162.4644317626953,243.3985595703125,39.53346633911133,533.23681640625,381.5115966796875,148.69015502929688,767.0017700195312,99.90239715576172,127.47036743164062,551.0471801757812,69.01410675048828
2025-05-07,195.05029296875,428.3218688964844,116.7655258178711,150.67002868652344,243.5352783203125,39.62058639526367,535.7216186523438,378.17523193359375,151.4142608642578,768.5849609375,99.80699157714844,127.64896392822266,553.3645629882812,69.14690399169922
2025-05-08,196.28271484375,433.08599853515625,117.07474517822266,153.55641174316406,247.5194854736328,40.2691535949707,549.09716796875,372.8468017578125,149.83563232421875,743.5797119140625,101.19994354248047,128.8240203857422,557.2202758789062,68.7769775390625
2025-05-09,197.3163604736328,433.6394958496094,116.3565673828125,152.03359985351562,247.13865661621094,40.45307922363281,550.4561157226562,368.0986022949219,148.4495086669922,726.87646484375,102.38301086425781,130.1870880126953,556.51025390625,68.8338851928711
2025-05-12,209.77610778808594,444.0472717285156,122.69058227539062,157.716796875,253.94503784179688,41.97284698486328,573.9847412109375,366.27081298828125,148.3725128173828,747.6566162109375,104.14807891845703,133.1294403076172,574.9015502929688,68.59676361083984
2025-05-13,211.9058380126953,443.9287109375,129.60313415527344,158.7818145751953,256.8355712890625,42.86341857910156,586.0886840820312,301.1205749511719,142.8857879638672,738.24609375,104.4343032836914,133.81568908691406,578.6981811523438,68.56829833984375
2025-05-14,211.30873107910156,447.6845703125,134.99954223632812,164.59437561035156,259.40380859375,43.3087043762207,593.6500854492188,297.8616027832031,140.88360595703125,708.0655517578125,103.49930572509766,133.1764373779297,579.437744140625,68.33116912841797
2025-05-15,210.4329833984375,448.6946105957031,134.49082946777344,163.1909942626953,261.2103576660156,42.9602165222168,597.8238525390625,265.3106384277344,144.0120086669922,725.60986328125,104.54884338378906,133.73106384277344,582.2678833007812,68.70109558105469
2025-05-16,210.24388122558594,449.8233947753906,135.05938720703125,165.41055297851562,261.27874755859375,43.26029586791992,600.862060546875,282.2920837402344,145.66763305664062,750.99365234375,104.1733169555664,133.5806884765625,585.9560546875,68.7485122680664
2025-05-19,207.77578735351562,454.37841796875,135.2289581298828,165.7589111328125,258.6616516113281,43.337738037109375,594.3294677734375,305.4819641113281,146.7842559814453,748.73291015625,102.51717376708984,131.7728271484375,586.596923828125,68.72954559326172
2025-05-20,205.8650360107422,453.6852722167969,134.0419464111328,163.21092224121094,259.4428405761719,43.26029586791992,588.7191772460938,310.9844665527344,147.91046142578125,740.7013549804688,101.05359649658203,130.61199951171875,584.6246948242188,68.60625457763672
2025-05-21,201.11798095703125,448.14007568359375,131.4684600830078,167.76943969726562,254.91177368164062,41.866363525390625,576.04248046875,292.99737548828125,147.44842529296875,718.82763671875,99.81149291992188,128.98492431640625,574.7733154296875,68.17940521240234
2025-05-22,200.39149475097656,450.40765380859375,132.495849609375,170.06858825683594,254.5504913330078,41.9244499206543,580.67236328125,286.895263671875,146.89974975585938,709.1599731445312,99.14710235595703,128.72802734375,575.0001831054688,68.36910247802734
2025-05-23,194.33078002929688,445.7734680175781,130.95970153808594,167.67987060546875,254.58953857421875,41.81796646118164,580.9732666015625,285.83154296875,147.21742248535156,707.6825561523438,99.20488739013672,129.91737365722656,571.0753784179688,68.47344207763672
2025-05-27,199.24703979492188,456.18060302734375,135.1591339111328,172.08908081054688,259.06201171875,42.80533981323242,597.6588745117188,285.2802734375,148.7804412841797,719.0953369140625,99.67668914794922,131.1448211669922,582.9483032226562,68.79593658447266
2025-05-28,199.45602416992188,452.8831787109375,134.4708709716797,171.55160522460938,257.30426025390625,42.650455474853516,590.5828857421875,288.28778076171875,147.98434448242188,713.3145751953125,98.31904602050781,129.42262268066406,579.5757446289062,68.64419555664062
2025-05-29,198.98826599121094,454.1902770996094,138.83984375,171.05397033691406,258.16357421875,42.8246955871582,587.1078491210938,288.3458251953125,149.10081481933594,716.4677734375,98.87751007080078,131.22096252441406,581.8635864257812,68.89079284667969
2025-05-30,199.88394165039062,455.8537902832031,134.7900848388672,170.9345245361328,257.80230712890625,42.71821594238281,585.732421875,291.96258544921875,150.68328857421875,731.4402465820312,98.50199127197266,130.0696258544922,581.212646484375,69.0235824584961
2025-06-02,200.7298583984375,457.4480895996094,137.034423828125,168.23721313476562,258.4468078613281,42.6698112487793,584.0448608398438,294.6800231933594,150.86773681640625,740.8103637695312,99.2241439819336,131.15432739257812,584.4866943359375,68.871337890625
2025-06-03,202.2923126220703,458.43829345703125,140.86474609375,165.40057373046875,260.01898193359375,43.22157669067383,589.0296020507812,291.2953186035156,149.9163360595703,744.4395141601562,99.94629669189453,132.78140258789062,587.8197631835938,68.7951889038086
2025-06-04,201.84446716308594,459.3294982910156,141.56298828125,167.2618408203125,258.01715087890625,42.940853118896484,584.5227661132812,290.4830322265625,148.75132751464844,759.3723754882812,98.50199127197266,130.7071533203125,587.6619262695312,69.22343444824219
2025-06-05,199.6649932861328,463.1022033691406,139.63784790039062,167.42108154296875,255.80043029785156,42.9602165222168,591.0293579101562,286.09259033203125,149.17849731445312,759.213623046875,98.0494384765625,130.25994873046875,584.8218994140625,69.09021759033203
2025-06-06,202.93917846679688,465.7757873535156,141.36349487304688,172.86541748046875,259.49169921875,43.787872314453125,598.9503173828125,293.22943115234375,150.50852966308594,763.378173828125,100.39884948730469,133.409423828125,590.8274536132812,68.71907043457031
2025-06-09,200.48106384277344,468.1225891113281,142.27122497558594,175.47630310058594,260.4779357910156,43.69049835205078,598.4821166992188,293.2004699707031,150.7026824951172,767.1759033203125,101.07286071777344,133.93270874023438,591.3599853515625,68.82374572753906
2025-06-10,201.69517517089844,466.3104553222656,143.59786987304688,177.9775390625,262.2942810058594,43.904720306396484,599.7990112304688,293.7806396484375,151.88711547851562,800.373046875,103.23932647705078,136.3970947265625,594.7128295898438,68.95697021484375
2025-06-11,197.8238983154297,467.99383544921875,142.4805908203125,176.73191833496094,261.8548583984375,43.55418014526367,608.8710327148438,300.32763671875,150.73182678222656,801.7810668945312,105.2517318725586,137.7577362060547,593.0166015625,69.17585754394531
2025-06-12,198.2418670654297,474.1826171875,144.64529418945312,175.08766174316406,261.9427490234375,43.44707107543945,609.7879638671875,308.0059814453125,152.0909881591797,805.1722412109375,105.65614318847656,137.93850708007812,595.37353515625,69.43279266357422
2025-06-13,195.50511169433594,470.3109436035156,141.62269592285156,174.06124877929688,258.7300109863281,42.93100357055664,598.5015869140625,303.19976806640625,152.51815795898438,812.4404296875,107.9573974609375,138.8329315185547,588.7171630859375,69.18537139892578
2025-06-16,197.4656219482422,474.45001220703125,144.33604431152344,176.15391540527344,264.0129699707031,43.242591857910156,612.4608154296875,299.6352233886719,150.6929931640625,800.7598266601562,108.30404663085938,138.9470977783203,594.318359375,69.0521469116211
2025-06-17,194.6990203857422,473.3608093261719,143.76742553710938,175.3367919921875,263.19268798828125,43.067325592041016,609.3295288085938,300.81365966796875,147.93582153320312,784.5577392578125,109.76761627197266,141.63034057617188,589.2398681640625,69.27102661132812
2025-06-18,195.6344757080078,475.5392150878906,145.1240997314453,172.71595764160156,267.5284729003906,43.87550735473633,619.6696166992188,299.1872253417969,146.3339385986328,778.4002685546875,108.98768615722656,141.00233459472656,589.1510620117188,69.30908966064453
2025-06-20,200.03323364257812,472.72705078125,143.4980926513672,166.05923461914062,268.5440673828125,44.3039436340332,625.0933837890625,294.1325988769531,145.42135620117188,756.28857421875,110.44161987304688,142.29637145996094,587.7673950195312,69.3566665649414
2025-06-23,200.53082275390625,481.2428283691406,143.81732177734375,164.61428833007812,271.7372741699219,45.08291244506836,631.0243530273438,292.8372802734375,146.90672302246094,764.1318359375,107.59151458740234,139.73684692382812,593.5730590820312,69.5279541015625
2025-06-24,199.33657836914062,485.3126220703125,147.53817749023438,166.18878173828125,274.6571044921875,45.433448791503906,645.8810424804688,297.6484069824219,147.75135803222656,771.509033203125,104.31773376464844,136.58740234375,600.13037109375,69.73731994628906
2025-06-25,200.59051513671875,487.45147705078125,153.93252563476562,170.08514404296875,277.3913269042969,45.61845016479492,653.4508056640625,294.1423034667969,147.8387451171875,785.60888671875,104.34662628173828,136.28289794921875,600.4666748046875,69.75635528564453
2025-06-26,200.03323364257812,492.580810546875,154.64076232910156,172.9351806640625,281.97125244140625,46.21241760253906,670.3170776367188,294.7266540527344,147.5766143798828,788.405029296875,105.90648651123047,137.43423461914062,605.1646118164062,69.95619201660156
2025-06-27,200.11285400390625,491.0855712890625,157.3640899658203,177.90777587890625,280.3697509765625,45.88135528564453,673.8775634765625,301.04736328125,147.96495056152344,768.9011840820312,105.31912231445312,136.81573486328125,608.1712646484375,69.79442596435547
2025-06-30,204.1831512451172,492.5411376953125,157.60353088378906,175.61581420898438,283.1040344238281,46.07609558105469,690.4024047851562,303.8327941894531,148.2950439453125,772.9467163085938,103.79779815673828,136.244873046875,611.0791015625,70.07040405273438
2025-07-01,206.82041931152344,487.2336120605469,152.92498779296875,175.22714233398438,283.5923156738281,46.884281158447266,689.14404296875,317.6332092285156,151.37257385253906,769.3473510742188,105.18433380126953,138.50942993164062,610.8812866210938,70.01789855957031
2025-07-02,211.41819763183594,486.2829895019531,156.8653106689453,178.01739501953125,285.14495849609375,47.42955780029297,698.3428955078125,299.537841796875,151.02305603027344,772.6988525390625,106.92713928222656,140.80252075195312,613.650634765625,69.9415283203125
2025-07-03,212.52284240722656,493.9571533203125,158.95021057128906,178.90428161621094,290.443603515625,47.643775939941406,705.94189453125,300.50201416015625,151.45993041992188,774.0770874023438,108.03443908691406,141.17359924316406,618.4869995117188,69.7696762084961
2025-07-07,208.940185546875,492.8481140136719,157.8529052734375,176.17385864257812,286.4892578125,47.3808708190918,693.5044555664062,295.7882385253906,150.74154663085938,766.343017578125,106.98490142822266,140.2506561279297,613.8780517578125,69.54053497314453
2025-07-08,208.9998779296875,491.7589111328125,159.6085968017578,173.75233459472656,277.47174072265625,45.91056823730469,680.1890869140625,299.6741943359375,151.24636840820312,771.0924682617188,109.95055389404297,145.80738830566406,613.5418090820312,69.50235748291016
2025-07-09,210.12445068359375,498.5815124511719,162.48155212402344,176.00445556640625,277.8446350097656,45.60871505737305,679.4866943359375,295.00909423828125,151.7220916748047,780.2743530273438,109.57503509521484,145.5980682373047,617.2210083007812,69.77922821044922
2025-07-10,211.3883514404297,496.57135009765625,163.6985626220703,177.00096130371094,282.7802429199219,45.73530197143555,691.7388305664062,291.69781494140625,153.09095764160156,783.9727783203125,110.6630859375,146.6923065185547,618.9617309570312,69.78877258300781
2025-07-11,210.1443634033203,498.393310546875,164.51654052734375,179.56201171875,281.4751281738281,45.50160598754883,687.6710815429688,296.1680908203125,152.32398986816406,786.3129272460938,111.14453125,147.77699279785156,616.7858276367188,69.50235748291016
2025-07-14,207.61656188964844,498.09625244140625,163.6686248779297,180.92723083496094,283.2806396484375,45.83266830444336,695.81640625,292.7398376464844,152.24632263183594,792.5894165039062,109.6905746459961,144.2945098876953,617.9628295898438,69.4928207397461
2025-07-15,208.10421752929688,500.86883544921875,170.28240966796875,181.36570739746094,281.1710205078125,44.93685531616211,685.2908325195312,284.10125732421875,150.64447021484375,765.232421875,108.71807861328125,143.38108825683594,615.3220825195312,69.28277587890625
2025-07-16,209.14915466308594,500.67083740234375,170.95077514648438,182.33230590820312,280.4546813964844,44.820003509521484,691.4461669921875,284.8608703613281,159.97415161132812,783.1300048828125,108.06332397460938,142.64842224121094,617.3792724609375,69.41643524169922
2025-07-17,209.00982666015625,506.6912841796875,172.57679748535156,182.940185546875,284.4581298828125,45.78398513793945,688.539306640625,280.5561828613281,158.22666931152344,755.0690307617188,107.51448059082031,144.03761291503906,621.1573486328125,69.43553161621094
2025-07-18,210.1642608642578,505.05743408203125,171.98825073242188,184.41502380371094,285.8023376464844,46.07609558105469,690.89990234375,275.2775573730469,158.9256591796875,765.1927490234375,103.7688980102539,142.76258850097656,620.7024536132812,69.55009460449219
2025-07-21,211.4580078125,505.0672912597656,170.96075439453125,189.4374542236328,285.5080261230469,46.23188781738281,688.6953125,274.7808837890625,159.56643676757812,755.7432250976562,104.03852081298828,142.42005920410156,621.87939453125,69.75057220458984
2025-07-22,213.36874389648438,500.32421875,166.62139892578125,190.67312622070312,285.9593811035156,46.5142707824707,683.2423095703125,277.69287109375,163.0323028564453,769.8828125,104.51031494140625,142.76258850097656,621.9684448242188,69.86514282226562
2025-07-23,213.11996459960938,500.9183349609375,170.36221313476562,189.56703186035156,291.1893615722656,46.874534606933594,699.9329833984375,284.88037109375,164.16818237304688,792.1432495117188,105.84870910644531,145.69320678710938,627.2598266601562,69.7219467163086
2025-07-24,212.7318572998047,505.87933349609375,173.31497192382812,191.500244140625,290.9832458496094,47.11796951293945,701.5523071289062,271.313720703125,164.61476135253906,798.6279907226562,106.67678833007812,148.2717742919922,627.4674072265625,69.63602447509766
2025-07-25,212.8512725830078,508.6816101074219,173.07557678222656,192.50672912597656,293.0144348144531,47.176395416259766,711.1119995117188,273.7290344238281,163.39151000976562,805.82666015625,106.30125427246094,147.3297882080078,630.1181030273438,69.80786895751953
2025-07-28,213.0204620361328,507.4834289550781,176.31761169433594,191.9088134765625,292.6807861328125,46.96217727661133,705.9127197265625,274.7613830566406,161.37217712402344,801.2852172851562,107.30265045166016,148.69993591308594,629.9598388671875,69.69329071044922
2025-07-29,210.25384521484375,507.55279541015625,175.0806427001953,195.06777954101562,291.464111328125,46.68954086303711,714.03857421875,254.26043701171875,163.20704650878906,756.5067749023438,108.6891860961914,149.41357421875,628.29833984375,70.05609893798828
2025-07-30,208.0445098876953,508.2162170410156,178.83143615722656,195.8450469970703,294.0054931640625,46.69927215576172,712.8387451171875,259.100830078125,162.3818359375,753.6609497070312,107.7455825805664,146.11187744140625,627.5070190429688,69.87468719482422
2025-07-31,206.57162475585938,528.2779541015625,177.4348602294922,191.23118591308594,290.6790771484375,46.02741241455078,705.854248046875,243.05064392089844,159.93533325195312,733.8199462890625,107.49522399902344,144.2849884033203,625.153076171875,69.88424682617188
2025-08-01,201.40658569335938,518.9797973632812,173.29502868652344,188.47085571289062,283.93804931640625,44.45973205566406,692.1778564453125,231.56817626953125,162.44981384277344,755.8919067382812,105.56948852539062,144.056640625,614.9066162109375,70.48961639404297
2025-08-04,202.37193298339844,530.3969116210938,179.55967712402344,194.36024475097656,288.7362365722656,44.644737243652344,708.234375,234.6944580078125,166.0515899658203,762.505615234375,103.3837661743164,143.71409606933594,624.2530517578125,70.53750610351562
2025-08-05,201.94398498535156,522.5841674804688,177.8239288330078,193.9915313720703,285.9005126953125,44.362361907958984,703.23974609375,244.45309448242188,165.76036071777344,759.4813842773438,103.25858306884766,145.61709594726562,621.088134765625,70.56625366210938
2025-08-06,212.2242889404297,519.8016967773438,178.9810791015625,195.40658569335938,285.8808898925781,44.22603988647461,706.9759521484375,239.36924743652344,165.61471557617188,740.0667724609375,102.5556869506836,145.3697052001953,625.845458984375,70.5087661743164
2025-08-07,218.9716796875,515.7418212890625,180.32777404785156,195.83509826660156,281.5536804199219,43.73918533325195,702.0985107421875,238.28819274902344,166.52731323242188,635.4478149414062,102.0164794921875,145.7312774658203,625.3212280273438,70.48003387451172
2025-08-08,228.2468719482422,516.9300537109375,182.2530517578125,200.71800231933594,283.3395080566406,44.80052947998047,703.5910034179688,244.34596252441406,168.27481079101562,620.3663330078125,102.83492279052734,147.49156188964844,630.1972045898438,70.32677459716797
2025-08-11,226.34388732910156,516.6627197265625,181.6146240234375,200.2994842529297,284.1244812011719,44.946590423583984,701.6107788085938,245.787353515625,168.7505340576172,629.8554077148438,101.90092468261719,146.0072021484375,628.9510498046875,70.37466430664062
2025-08-12,228.80479431152344,524.0595703125,182.71192932128906,202.63131713867188,287.35272216796875,46.251365661621094,725.1590576171875,254.7473907470703,167.7408447265625,634.0298461914062,102.18978881835938,146.9491729736328,635.6468505859375,70.38426208496094
2025-08-13,232.47125244140625,515.484375,181.145751953125,201.25613403320312,285.0762939453125,45.99820327758789,726.43701171875,264.7203063964844,169.33302307128906,654.9120483398438,103.60521697998047,148.309814453125,637.8228149414062,70.64286804199219
2025-08-14,231.9232635498047,517.36572265625,181.57472229003906,202.2327117919922,288.6381530761719,46.45584487915039,728.8854370117188,264.40863037109375,169.62425231933594,678.6498413085938,103.39337158203125,147.63429260253906,637.882080078125,70.44171905517578
2025-08-15,230.73764038085938,515.078369140625,180.00856018066406,203.18936157226562,285.0370178222656,45.706085205078125,712.809326171875,296.0804443359375,171.48828125,696.8351440429688,103.49056243896484,148.95684814453125,636.388671875,70.34593200683594
2025-08-18,230.0402374267578,512.0383911132812,181.56472778320312,202.79075622558594,286.0574645996094,46.66032409667969,713.0435791015625,300.4435729980469,171.10963439941406,693.675048828125,103.7140884399414,147.7864990234375,636.2501220703125,70.26931762695312
2025-08-19,229.71144104003906,504.7801818847656,175.21031188964844,200.8675079345703,285.203857421875,46.81612014770508,703.6984252929688,296.3044128417969,172.61444091796875,698.8027954101562,104.39437103271484,146.23753356933594,632.7984008789062,70.4034194946289
2025-08-20,225.17819213867188,500.7698669433594,174.97091674804688,198.62533569335938,286.7541809082031,47.07902145385742,703.0155029296875,292.0191650390625,173.6240997314453,701.018798828125,105.47310638427734,147.41128540039062,631.116943359375,70.4513168334961
2025-08-21,224.07228088378906,500.1251220703125,174.55194091796875,199.0538330078125,285.9986267089844,46.99138641357422,698.4014892578125,295.4376220703125,173.7115020751953,705.371337890625,106.15339660644531,149.65296936035156,628.5851440429688,70.27889251708984
2025-08-22,226.9217529296875,503.09075927734375,177.55459594726562,205.37173461914062,290.6790771484375,48.1793212890625,723.7056274414062,299.4014587402344,174.0609893798828,707.2196044921875,108.1456527709961,152.18324279785156,638.2381591796875,70.63329315185547
2025-08-25,226.32395935058594,500.1449890136719,179.37010192871094,207.7633819580078,289.3642578125,48.1793212890625,720.681640625,296.90826416015625,173.2066650390625,690.9721069335938,108.59268951416016,152.20249938964844,635.4292602539062,70.53750610351562
2025-08-26,228.46604919433594,497.94305419921875,181.32533264160156,206.41807556152344,292.9653625488281,48.9290771484375,730.5925903320312,292.5937805175781,172.60032653808594,731.4170532226562,108.34972381591797,151.39434814453125,638.0897827148438,70.62371826171875
2025-08-27,229.64170837402344,502.6047058105469,181.15574645996094,206.75686645507812,293.6619873046875,49.05565643310547,731.294921875,295.95379638671875,172.89369201660156,729.5686645507812,109.57424926757812,153.2030792236328,639.543701171875,70.6907730102539
2025-08-28,231.7041015625,505.4810485839844,179.729248046875,210.90240478515625,295.41845703125,49.16276550292969,732.806884765625,294.4052734375,171.58323669433594,727.37255859375,110.1573486328125,153.28005981445312,641.80859375,70.77698516845703
2025-08-29,231.28562927246094,502.5551452636719,173.75389099121094,212.16796875,295.7618713378906,49.40619659423828,730.875,301.7875671386719,173.26531982421875,727.9886474609375,111.07086181640625,154.51150512695312,637.98095703125,70.6907730102539
2025-09-02,228.8745574951172,500.9979248046875,170.36221313476562,210.61341857910156,294.07415771484375,49.0946044921875,716.752685546875,300.7454833984375,174.13571166992188,730.582275390625,111.45960235595703,155.6948699951172,633.25341796875,70.53987884521484
2025-09-03,237.59234619140625,501.2260437011719,170.20260620117188,229.85610961914062,293.8876953125,48.74407196044922,716.4683227539062,299.8494567871094,174.07704162597656,733.2057495117188,108.7579116821289,152.0677947998047,636.6853637695312,70.77053833007812
2025-09-04,238.8975067138672,503.82470703125,171.2400665283203,231.49038696289062,298.1168212890625,49.28934860229492,734.4545288085938,302.2842712402344,174.82029724121094,738.2538452148438,109.23410034179688,151.7118377685547,642.0064086914062,71.03962707519531
2025-09-05,238.80783081054688,490.9605712890625,166.61143493652344,234.1809844970703,288.85400390625,48.73125076293945,723.9707641601562,307.1636047363281,174.49755859375,722.65234375,106.15339660644531,147.83462524414062,640.1469116210938,71.37598419189453
2025-09-08,237.00450134277344,494.1344299316406,167.8982696533203,233.43292236328125,287.4115905761719,48.42771911621094,727.5404663085938,311.8968200683594,174.2041778564453,734.0106811523438,106.75592041015625,148.16172790527344,641.7196044921875,71.60664367675781
2025-09-09,233.4875030517578,494.34271240234375,170.34225463867188,239.0084228515625,292.2588806152344,49.24039840698242,749.1846923828125,338.8451232910156,173.0599822998047,745.9057006835938,107.53339385986328,148.97950744628906,643.203125,71.47209167480469
2025-09-10,225.955322265625,496.2867126464844,176.8961944580078,238.5496063232422,294.8984069824219,49.083736419677734,754.735595703125,337.7348327636719,171.91575622558594,749.8905029296875,109.33129119873047,151.8080291748047,645.0625,71.5970230102539
2025-09-11,229.1833953857422,496.9215087890625,176.74656677246094,239.7465057373047,299.82415771484375,49.6907958984375,769.5933837890625,344.38665771484375,174.56602478027344,751.5401611328125,108.98143005371094,152.2506103515625,650.4231567382812,71.75079345703125
2025-09-12,233.2085418701172,505.7389221191406,177.39498901367188,240.17539978027344,301.1488037109375,49.52434539794922,765.0134887695312,343.3153991699219,174.13571166992188,750.65576171875,109.00086975097656,151.15382385253906,650.2054443359375,71.66429138183594
2025-09-15,235.82884216308594,511.1544189453125,177.3251495361328,250.9573516845703,303.1014099121094,49.53413391113281,771.584228515625,340.9534606933594,173.49026489257812,743.5009155273438,109.18550872802734,151.3462371826172,653.6671752929688,71.79883575439453
2025-09-16,237.2735137939453,504.8859558105469,174.46202087402344,250.50851440429688,303.385986328125,49.60267639160156,770.3779907226562,333.005126953125,172.57098388671875,759.9172973632812,111.44988250732422,153.49169921875,652.76708984375,71.80846405029297
2025-09-17,238.11044311523438,505.8579406738281,169.8829803466797,248.88275146484375,305.8979187011719,50.32722854614258,778.9003295898438,334.7986755371094,173.294677734375,755.3660278320312,112.04270935058594,154.02085876464844,651.9561157226562,71.68351745605469
2025-09-18,237.00450134277344,504.3008117675781,175.81878662109375,251.37625122070312,307.3501892089844,51.041996002197266,788.7957153320312,328.14404296875,170.32168579101562,758.1483764648438,110.72100067138672,152.8182373046875,655.00244140625,71.50092315673828
2025-09-19,244.59646606445312,513.703369140625,176.2477264404297,254.05926513671875,308.87103271484375,51.159488677978516,789.472412109375,329.97674560546875,172.3069305419922,747.2769775390625,109.64227294921875,150.28794860839844,658.2465209960938,71.52975463867188
2025-09-22,255.13751220703125,510.25189208984375,183.17115783691406,251.8749542236328,306.57501220703125,50.83637237548828,790.0216674804688,334.49481201171875,170.37057495117188,750.2184448242188,108.86479949951172,150.13400268554688,661.3606567382812,71.39521026611328
2025-09-23,253.49359130859375,505.0744323730469,178.0035400390625,251.00721740722656,306.8693542480469,50.620967864990234,790.7669677734375,340.7574157714844,172.68833923339844,742.2984008789062,110.74044799804688,151.45205688476562,657.7606201171875,71.53936767578125
2025-09-24,251.38140869140625,505.9869079589844,176.54701232910156,246.4989471435547,307.53662109375,50.620967864990234,777.1448974609375,344.7952880859375,172.79592895507812,737.2005615234375,111.33325958251953,153.14532470703125,655.6677856445312,71.39521026611328
2025-09-25,255.9246063232422,502.89239501953125,177.26531982421875,245.15243530273438,307.5660400390625,50.7678337097168,779.429931640625,338.6698913574219,173.81297302246094,710.1115112304688,112.3342514038086,154.62696838378906,652.6429443359375,71.3183364868164
2025-09-26,254.51980590820312,507.28619384765625,177.7641143798828,245.90049743652344,310.1270446777344,51.12031936645508,787.0304565429688,337.2193603515625,175.7493438720703,719.9990234375,113.91834259033203,154.08819580078125,656.3819580078125,71.3183364868164
2025-09-29,253.49359130859375,510.40057373046875,181.41537475585938,243.4169464111328,309.76397705078125,51.3259391784668,788.609375,338.2974548339844,177.6172637939453,721.956787109375,111.00284576416016,150.18211364746094,658.2266845703125,71.50092315673828
2025-09-30,253.69287109375,513.7232666015625,186.13404846191406,242.4694366455078,309.50885009765625,50.51326370239258,780.9892578125,338.4150695800781,181.33352661132812,758.2180786132812,109.57424926757812,149.40281677246094,660.7061157226562,71.47209167480469
2025-10-01,254.5098419189453,515.4689331054688,186.79248046875,244.26473999023438,304.8774719238281,49.622257232666016,770.3583374023438,341.3552551269531,181.9496307373047,820.2467651367188,108.83564758300781,148.71974182128906,662.95751953125,71.6523666381836
2025-10-02,256.18365478515625,511.53125,188.43853759765625,245.05270385742188,301.7767639160156,49.42643356323242,764.3466186523438,346.6672058105469,181.8811798095703,814.711669921875,108.15536499023438,147.5555877685547,663.7210693359375,71.72950744628906
2025-10-03,257.07037353515625,513.1281127929688,187.1715545654297,244.71359252929688,304.2102355957031,49.583091735839844,774.7421264648438,353.01800537109375,184.48255920410156,834.6062622070312,110.06989288330078,147.72877502441406,663.7112426757812,71.64273834228516
2025-10-06,255.74526977539062,524.256591796875,185.09654235839844,249.78041076660156,304.8511047363281,49.33831024169922,781.4110107421875,351.6164855957031,184.01312255859375,839.7537231445312,110.98340606689453,148.18096923828125,666.0914916992188,71.47883605957031
2025-10-07,255.53607177734375,519.7039794921875,184.5977325439453,245.12252807617188,303.3819885253906,49.24039840698242,774.4185791015625,356.40899658203125,184.72703552246094,838.3425903320312,111.04170989990234,149.0372314453125,663.6219482421875,71.61381530761719
2025-10-08,257.1102600097656,520.56689453125,188.6580047607422,243.9854736328125,299.7732238769531,48.79978561401367,761.5319213867188,362.544189453125,185.5093994140625,840.4195556640625,110.8084716796875,147.91159057617188,667.5791625976562,71.61381530761719
2025-10-09,253.10501098632812,518.136962890625,192.1097412109375,240.9034881591797,301.2522277832031,48.750831604003906,764.9154052734375,360.358642578125,186.8687744140625,849.9891357421875,109.72974395751953,145.8911895751953,665.6452026367188,71.56561279296875
2025-10-10,244.3673095703125,506.7902526855469,182.7222442626953,235.9563446044922,296.67724609375,47.63462448120117,749.6163330078125,347.4316101074219,186.51670837402344,828.2662353515625,107.61113739013672,143.2550811767578,647.6542358398438,71.84517669677734
2025-10-13,246.74851989746094,509.8551025390625,187.86990356445312,243.51670837402344,303.6580810546875,47.84024429321289,771.6038818359375,351.5086975097656,186.69273376464844,814.2646484375,109.07861328125,146.1798095703125,657.5919189453125,71.96088409423828
2025-10-14,246.8581085205078,509.3789978027344,179.59970092773438,244.81332397460938,297.85052490234375,49.0445671081543,755.8928833007812,352.75335693359375,186.6438446044922,807.2587280273438,109.127197265625,146.61276245117188,656.78857421875,72.06693267822266
2025-10-15,248.42233276367188,509.2401428222656,179.4001922607422,250.3788299560547,301.40997314453125,51.18886184692383,753.1174926757812,353.9490051269531,186.95680236816406,821.3896484375,108.46635437011719,146.3433837890625,659.7044067382812,72.01874542236328
2025-10-16,246.53929138183594,507.4349670410156,181.37545776367188,250.8077392578125,294.360107421875,49.387264251708984,743.46728515625,349.5583801269531,187.88584899902344,814.24462890625,107.523681640625,145.95852661132812,655.2117309570312,72.28870391845703
2025-10-17,251.36146545410156,509.388916015625,182.78208923339844,252.64297485351562,293.3938293457031,50.20973205566406,736.2885131835938,349.4897766113281,188.9616241455078,797.7984008789062,109.07861328125,147.27659606933594,658.9308471679688,72.19227600097656
2025-10-20,261.27484130859375,512.5726928710938,182.20347595214844,255.88453674316406,298.1265869140625,50.9538688659668,748.5963745117188,357.2126770019531,189.45057678222656,803.8900146484375,109.52565002441406,148.62351989746094,665.7840576171875,72.28870391845703
2025-10-21,261.8028564453125,513.4356079101562,180.7270050048828,249.81033325195312,292.9303894042969,50.44472122192383,744.3400268554688,358.08489990234375,187.65115356445312,794.5587768554688,109.53536987304688,147.9596710205078,665.7741088867188,72.37545776367188
2025-10-22,257.4988098144531,516.2921142578125,179.84910583496094,251.0371551513672,289.99212646484375,50.03348922729492,730.2374267578125,354.2822265625,188.6877899169922,807.3381958007812,111.47903442382812,149.67221069335938,662.3128051757812,72.37545776367188
2025-10-23,258.6246032714844,516.3118896484375,181.72462463378906,252.4235382080078,290.4161071777344,50.67971420288086,736.2982788085938,353.26300048828125,188.22813415527344,815.8941650390625,112.71327209472656,150.6246795654297,666.2402954101562,72.2308349609375
2025-10-24,261.8527526855469,519.3370971679688,185.81480407714844,259.2458190917969,296.2334899902344,51.472808837890625,768.759765625,355.2721252441406,186.2037353515625,820.2766723632812,112.13988494873047,149.66258239746094,671.6851806640625,72.32726287841797
2025-10-27,267.8206787109375,527.1824951171875,191.03231811523438,268.571533203125,299.8915710449219,51.913414001464844,774.751953125,358.6827392578125,186.10595703125,821.2305297851562,112.67440032958984,149.3931884765625,679.6094970703125,72.36581420898438
2025-10-28,268.0099792480469,537.6464233398438,200.54953002929688,266.77618408203125,301.0845947265625,51.766544342041016,776.8115234375,360.5056457519531,182.8102264404297,814.9601440429688,111.79002380371094,148.28680419921875,681.41455078125,72.40436553955078
2025-10-29,268.7073974609375,537.130615234375,206.545166015625,273.8577880859375,301.2325134277344,51.482601165771484,767.95556640625,348.1764831542969,182.4875030517578,808.4313354492188,113.17002868652344,149.2200164794922,681.7418823242188,72.04766845703125
2025-10-30,270.401123046875,521.469482421875,202.4050750732422,280.7498779296875,305.10748291015625,51.9232063293457,774.9186401367188,337.8760681152344,184.8834991455078,839.207275390625,111.45960235595703,147.69992065429688,674.2439575195312,71.92231750488281
2025-10-31,269.37493896484375,513.5844116210938,202.00604248046875,280.4606628417969,306.7639465332031,52.334442138671875,774.1439208984375,334.7496337890625,184.7074737548828,857.4521484375,111.13890075683594,151.74069213867188,676.4556274414062,71.9030532836914
2025-11-03,268.05975341796875,512.810791015625,206.38552856445312,282.9840087890625,305.01873779296875,52.44214630126953,770.3681640625,327.13458251953125,182.15499877929688,890.9111938476562,110.55579376220703,148.20021057128906,677.7251586914062,71.81985473632812
2025-11-04,269.0461730957031,510.1327819824219,198.21510314941406,276.8200988769531,304.9201354980469,52.42256546020508,775.5758056640625,324.23358154296875,182.7417755126953,901.1763916015625,110.92509460449219,147.57484436035156,669.6917114257812,71.85855102539062
2025-11-05,269.14581298828125,503.0213317871094,194.74343872070312,283.5725402832031,307.31610107421875,51.355316162109375,777.7921752929688,321.2052001953125,181.90072631835938,920.0076293945312,110.47805786132812,146.8725128173828,672.0125122070312,71.65543365478516
2025-11-06,268.7771301269531,493.04339599609375,187.63047790527344,284.0113830566406,309.0317687988281,52.17778396606445,772.3884887695312,315.1484069824219,182.849365234375,931.5647583007812,111.27496337890625,147.14190673828125,664.8021850585938,71.9359359741211
2025-11-07,267.48193359375,492.7657165527344,187.7003173828125,278.1067199707031,309.8106689453125,52.089656829833984,771.17236328125,317.7455749511719,182.45819091796875,918.57666015625,113.91834259033203,149.14306640625,665.4567260742188,71.89724731445312
2025-11-10,268.6986083984375,501.8707275390625,198.5742645263672,289.3475036621094,312.45318603515625,52.30506896972656,781.8228149414062,315.1679992675781,184.2576141357422,960.581787109375,114.89017486572266,149.74917602539062,675.8407592773438,71.87789916992188
2025-11-11,274.5028076171875,504.5289001464844,192.69833374023438,290.55438232421875,311.2009582519531,52.510684967041016,794.679931640625,320.9209899902344,189.55816650390625,982.4240112304688,116.40623474121094,150.31680297851562,677.3878784179688,72.08100891113281
2025-11-12,272.7276611328125,506.9688415527344,193.33680725097656,285.96630859375,315.92388916015625,52.98066711425781,822.787109375,332.2994689941406,190.10581970214844,1011.4011840820312,114.79299926757812,147.5074920654297,677.7647705078125,72.05199432373047
2025-11-13,272.2090759277344,499.1828918457031,186.4133758544922,277.8474426269531,305.1469421386719,51.766544342041016,789.9627685546875,325.889892578125,190.94686889648438,1016.4593505859375,115.44412231445312,149.68182373046875,666.5179443359375,71.83919525146484
2025-11-14,271.6705017089844,506.0166320800781,189.71548461914062,275.6930236816406,299.3591003417969,51.51197052001953,775.6541748046875,315.4424133300781,191.61187744140625,1020.3505249023438,116.94403076171875,151.6444854736328,666.408935546875,71.7328109741211
2025-11-17,266.73394775390625,503.34857177734375,186.1540069580078,284.2806701660156,296.1644592285156,50.40555953979492,760.6002807617188,314.129150390625,195.1814422607422,1016.7877807617188,115.36568450927734,148.9506378173828,660.2002563476562,71.771484375
2025-11-18,266.7140197753906,489.76043701171875,180.92652893066406,283.5426025390625,295.2178955078125,50.56222152709961,761.325927734375,307.3275146484375,195.59219360351562,1025.0975341796875,116.68914794921875,149.44677734375,654.65625,71.82953643798828
2025-11-19,267.8309631347656,483.14483642578125,186.07418823242188,292.0504455566406,299.02386474609375,50.93428421020508,770.8291015625,302.9270324707031,198.04685974121094,1044.5535888671875,115.04218292236328,147.57894897460938,657.185302734375,71.80052185058594
2025-11-20,265.5272521972656,475.41387939453125,180.208251953125,288.69921875,294.20233154296875,49.935577392578125,758.776123046875,305.3282165527344,198.59451293945312,1038.2740478515625,114.71866607666016,146.22669982910156,647.1683349609375,71.90690612792969
2025-11-21,270.75299072265625,469.1436462402344,178.4524688720703,298.8826904296875,293.84735107421875,50.48388671875,759.0997924804688,313.59014892578125,199.40621948242188,1054.60498046875,114.77749633789062,145.90565490722656,653.6148681640625,72.08100891113281
2025-11-24,275.1709899902344,471.0118103027344,182.1136932373047,317.75360107421875,293.8276672363281,50.846168518066406,775.4580688476562,312.6885070800781,201.50885009765625,1065.014892578125,113.68932342529297,145.68191528320312,663.2351684570312,72.2067642211914
2025-11-25,276.2181701660156,473.98297119140625,177.39498901367188,322.60101318359375,298.7576599121094,51.38468933105469,786.8441162109375,319.7742919921875,203.39845275878906,1104.6033935546875,112.2580337524414,144.49505615234375,669.4734497070312,72.37120056152344
2025-11-26,276.79656982421875,482.4393310546875,179.82916259765625,319.1201171875,303.33270263671875,51.88404846191406,800.2700805664062,323.13592529296875,204.2743682861328,1099.030517578125,112.5129165649414,145.44842529296875,674.09521484375,72.44859313964844
2025-11-28,278.0930480957031,488.9082946777344,176.5769500732422,319.3494873046875,308.6965026855469,52.530269622802734,810.1065673828125,323.1947326660156,203.64450073242188,1070.2991943359375,113.64030456542969,147.02442932128906,677.7747192382812,72.33248901367188
2025-12-01,282.3315124511719,483.6714782714844,179.489990234375,314.0732116699219,304.59478759765625,52.12882614135742,795.2193603515625,316.7655029296875,202.08950805664062,1052.8037109375,114.33634185791016,148.3961181640625,674.6803588867188,72.05013275146484
2025-12-02,285.4131164550781,486.91094970703125,181.0262908935547,314.9908142089844,303.5693359375,52.079872131347656,803.4489135742188,318.06903076171875,202.16824340820312,1041.09033203125,113.11091613769531,146.1683349609375,675.9300537109375,72.11805725097656
2025-12-03,283.378662109375,474.7182922363281,179.1607666015625,318.8009338378906,307.7598571777344,52.961082458496094,824.500732421875,332.9365234375,202.0796661376953,1028.5906982421875,115.48333740234375,147.471923828125,678.2706298828125,72.22479248046875
2025-12-04,279.9380187988281,477.8087158203125,182.951904296875,316.7961120605469,311.6742248535156,53.02962112426758,825.7426147460938,326.8405456542969,199.2747802734375,1009.6123657226562,114.83631134033203,148.12371826171875,678.7665405273438,72.08895874023438
2025-12-05,278.0232238769531,480.11407470703125,181.98416137695312,320.4366455078125,310.6290588378906,53.09851837158203,842.231201171875,324.31201171875,198.73348999023438,1005.4524536132812,114.24811553955078,145.92514038085938,680.0557861328125,72.0016098022461
2025-12-08,277.1356506347656,487.92449951171875,185.11683654785156,313.11090087890625,310.79669189453125,53.04930877685547,854.1862182617188,319.2998046875,198.4283905029297,992.793701171875,113.69912719726562,144.670166015625,678.0127563476562,71.8948745727539
2025-12-09,276.42755126953125,488.918212890625,184.53817749023438,316.4643859863281,296.30255126953125,52.69498825073242,863.93359375,319.28009033203125,196.794677734375,977.4974975585938,115.92448425292969,144.45616149902344,677.4275512695312,71.84635925292969
2025-12-10,278.0232238769531,475.5430603027344,183.35096740722656,319.58831787109375,305.7680969238281,53.226470947265625,876.410888671875,323.9864196777344,203.2705078125,988.8626708984375,117.1891098022461,147.29681396484375,681.92041015625,72.05985260009766
2025-12-11,277.2752685546875,480.4221496582031,180.50759887695312,311.82342529296875,312.9363098144531,53.698890686035156,897.8865356445312,332.23480224609375,206.68557739257812,1004.5269775390625,117.1891098022461,146.6255645751953,683.5072021484375,72.05985260009766
2025-12-12,277.52459716796875,475.5132751464844,174.6114044189453,308.68951416015625,314.0603332519531,54.269737243652344,875.1494140625,337.276611328125,208.23072814941406,1022.56982421875,116.48326873779297,145.9154052734375,676.1580810546875,71.8366470336914
2025-12-15,273.3658752441406,471.82666015625,175.87843322753906,307.62158203125,315.5393371582031,54.45674133300781,876.7559204101562,336.5464782714844,210.7797393798828,1057.0830078125,115.44412231445312,145.73057556152344,675.1365356445312,71.92398834228516
2025-12-16,273.8645324707031,473.38677978515625,177.30511474609375,305.97479248046875,311.1319274902344,53.9449462890625,866.4664306640625,329.7386169433594,205.98683166503906,1049.2210693359375,112.42469024658203,142.76341247558594,673.2918701171875,72.05985260009766
2025-12-17,271.10205078125,473.1184387207031,170.5409393310547,296.1439208984375,310.5699157714844,53.689048767089844,859.7449340820312,327.2029113769531,207.00051879882812,1036.7811279296875,115.10101318359375,145.4581756591797,665.8832397460938,72.0404281616211
2025-12-18,271.4511413574219,480.9289245605469,173.73345947265625,301.8727722167969,308.6176452636719,53.40362548828125,863.6575927734375,323.759521484375,205.0124969482422,1051.798583984375,114.24811553955078,143.67787170410156,670.9114990234375,72.19329071044922
2025-12-19,272.9271240234375,482.856689453125,180.56747436523438,306.56365966796875,312.7686767578125,54.39768600463867,880.5896606445312,323.0491027832031,203.1031951904297,1066.28857421875,114.3951644897461,143.73623657226562,676.9923095703125,72.08618927001953
2025-12-22,270.23443603515625,481.86297607421875,183.26116943359375,309.1785583496094,318.56634521484375,54.99806213378906,886.0300903320312,320.81927490234375,204.03817749023438,1071.3043212890625,115.82644653320312,145.73057556152344,681.2098388671875,72.06672668457031
2025-12-23,271.62066650390625,483.7807922363281,188.76828002929688,313.73968505859375,321.3665771484375,55.086639404296875,888.7010498046875,320.46405029296875,202.52255249023438,1066.4876708984375,117.07147216796875,146.4212646484375,684.3233032226562,72.05699157714844
2025-12-24,273.06671142578125,484.94342041015625,188.169677734375,313.4801940917969,324.5612487792969,55.362220764160156,897.64013671875,323.2069396972656,204.4908905029297,1071.802001953125,116.87540435791016,146.4115447998047,686.7305297851562,72.23223876953125
2025-12-26,272.6578369140625,484.6354064941406,190.085205078125,312.9013366699219,323.31890869140625,55.28348159790039,893.9540405273438,327.40020751953125,204.34324645996094,1072.5682373046875,116.76757049560547,145.944580078125,686.660888671875,72.23223876953125
2025-12-29,273.0168762207031,484.02923583984375,187.7805938720703,312.95123291015625,319.2171325683594,54.47642135620117,879.3084716796875,324.5487976074219,204.2743682861328,1073.5435791015625,118.1596450805664,146.8882293701172,684.2138671875,72.33932495117188
2025-12-30,272.3387145996094,484.4068603515625,187.1021728515625,313.24066162109375,318.8917541503906,54.407527923583984,871.660400390625,327.725830078125,203.6346435546875,1074.5587158203125,118.61060333251953,148.17237854003906,683.3782958984375,72.31011199951172
2025-12-31,271.12200927734375,480.5711669921875,186.0646209716797,312.392333984375,317.70855712890625,54.1319465637207,866.318603515625,325.70318603515625,203.6740264892578,1069.5130615234375,117.97337341308594,148.26966857910156,678.3152465820312,72.11539459228516
2026-01-02,270.2743225097656,469.95849609375,188.4091339111328,314.5381164550781,320.92291259765625,55.06695556640625,901.1488037109375,331.9092102050781,204.06768798828125,1075.165771484375,120.23795318603516,151.6648406982422,679.55859375,72.08618927001953
2026-01-05,266.5345153808594,469.86907958984375,187.6808319091797,315.9254455566406,329.363037109375,55.99211502075195,934.7568359375,337.4541931152344,201.0758056640625,1036.5025634765625,122.8946533203125,159.39889526367188,684.0845947265625,72.22248840332031
2026-01-06,261.6477966308594,475.4933776855469,186.80288696289062,313.72967529296875,331.41326904296875,56.346435546875,941.6854248046875,344.3114013671875,201.5482177734375,1058.9241943359375,118.66941833496094,152.28744506835938,688.1529541015625,72.22248840332031
2026-01-07,259.623291015625,480.4221496582031,188.66851806640625,321.3548889160156,323.8660583496094,54.761844635009766,927.44384765625,337.13848876953125,204.2054901123047,1102.762451171875,116.15975952148438,150.98385620117188,685.9347534179688,72.30039978027344
2026-01-08,258.3368225097656,475.0959167480469,184.60801696777344,324.80816650390625,326.63934326171875,55.2933235168457,921.3431396484375,342.2197265625,202.49301147460938,1079.972412109375,120.49283599853516,154.92384338378906,685.8651123046875,72.17382049560547
2026-01-09,258.6659240722656,476.258544921875,184.42843627929688,327.9320983886719,326.0450744628906,54.968528747558594,925.4332885742188,339.3880615234375,201.15455627441406,1058.446533203125,122.1594009399414,157.70614624023438,690.4010009765625,72.32959747314453
2026-01-12,259.5435485839844,474.1717529296875,184.5082550048828,331.2156982421875,321.3899841308594,54.31895065307617,935.8507690429688,335.96435546875,206.40017700195312,1075.8026123046875,121.59080505371094,157.92990112304688,691.4852294921875,72.2614517211914
2026-01-13,260.34136962890625,467.70281982421875,185.376220703125,335.31768798828125,307.9298095703125,53.67920684814453,924.6152954101562,329.47216796875,210.2679443359375,1072.010986328125,124.05145263671875,159.41831970214844,690.1026000976562,72.31985473632812
2026-01-14,259.2543029785156,456.4840087890625,182.71243286132812,335.1879577636719,304.9287414550781,51.65171813964844,919.21435546875,330.4884338378906,215.0904083251953,1068.1297607421875,127.63946533203125,162.69680786132812,686.7105712890625,72.46590423583984
2026-01-15,257.5090637207031,453.7811279296875,186.6133270263672,332.1339416503906,306.30548095703125,51.759986877441406,961.7811889648438,334.43505859375,216.09425354003906,1028.00341796875,126.59052276611328,161.64613342285156,688.5806884765625,72.35880279541016
2026-01-16,254.8363494873047,456.9609375,185.79522705078125,329.35931396484375,309.48480224609375,52.13399124145508,948.1211547851562,326.6010437011719,215.19866943359375,1033.407470703125,127.3355712890625,161.743408203125,688.0037231445312,72.2419662475586
2026-01-20,246.0303192138672,451.65460205078125,177.65428161621094,321.3748474121094,299.8477478027344,51.2777214050293,929.760009765625,333.912109375,214.75579833984375,1036.2835693359375,127.89437103271484,160.8094940185547,673.9981689453125,71.97908782958984
2026-01-21,246.9777374267578,441.3102111816406,182.8920440673828,327.7424621582031,299.15447998046875,51.24818801879883,939.2609252929688,343.1076965332031,214.55894470214844,1073.3345947265625,130.982421875,162.20065307617188,681.77685546875,72.18355560302734
2026-01-22,247.67584228515625,448.29595947265625,184.40847778320312,329.89825439453125,300.729248046875,51.6221923828125,940.8773193359375,349.7380065917969,215.03135681152344,1082.1519775390625,131.01182556152344,162.13253784179688,685.3379516601562,72.21275329589844
2026-01-23,247.36666870117188,463.0125732421875,187.23187255859375,327.2933349609375,294.875732421875,50.903717041015625,905.6232299804688,351.50408935546875,216.6552276611328,1059.1729736328125,132.315673828125,162.19090270996094,685.5865478515625,72.2906494140625
2026-01-26,254.7166748046875,467.3152770996094,186.03468322753906,332.61297607421875,298.1640319824219,51.198978424072266,918.416015625,346.9457702636719,217.98385620117188,1057.6402587890625,132.188232421875,162.94972229003906,689.068115234375,72.3782730102539
2026-01-27,257.5688781738281,477.5503234863281,188.07989501953125,333.90045166015625,297.44097900390625,51.34661102294922,916.306884765625,278.92608642578125,220.8871612548828,1034.5120849609375,134.1390838623047,164.45762634277344,691.8134765625,72.31985473632812
2026-01-28,255.743896484375,478.5937194824219,191.07289123535156,335.3576354980469,297.89654541015625,50.99229049682617,923.2945556640625,290.094970703125,224.11524963378906,1018.8776245117188,134.8743438720703,165.31370544433594,691.7438354492188,72.2906494140625
2026-01-29,257.5788879394531,430.76715087890625,192.06057739257812,337.5932922363281,303.49261474609375,52.242252349853516,926.556884765625,288.3880615234375,223.69203186035156,1019.2160034179688,137.74671936035156,166.53948974609375,690.3711547851562,72.30039978027344
2026-01-30,258.775634765625,427.577392578125,190.68380737304688,337.3437805175781,302.9676818847656,52.360355377197266,921.914794921875,283.099609375,223.65267944335938,1032.163330078125,138.61920166015625,172.0943603515625,688.3121337890625,72.27119445800781
2026-02-02,269.2770690917969,420.70098876953125,185.17669677734375,343.022705078125,305.1961669921875,53.1772575378418,932.6773071289062,281.77752685546875,227.09727478027344,1039.10986328125,135.67819213867188,169.30233764648438,691.73388671875,72.19791412353516
2026-02-03,268.7485046386719,408.61767578125,179.91897583007812,339.0504455566406,311.8420715332031,53.59062957763672,925.443115234375,280.3863220214844,229.4100799560547,998.6354370117188,140.90338134765625,173.20338439941406,685.885009765625,72.21744537353516
2026-02-04,275.7394104003906,411.5788879394531,173.78334045410156,332.3934326171875,314.23895263671875,54.50594711303711,900.123779296875,272.2366027832031,230.7583770751953,1101.7969970703125,144.68746948242188,176.3067169189453,682.5626831054688,72.18814849853516
2026-02-05,275.1610412597656,391.1882629394531,171.47872924804688,330.6069030761719,307.1968688964844,54.07289123535156,877.5640258789062,264.9649658203125,234.02581787109375,1015.931884765625,143.20718383789062,174.36106872558594,674.0379638671875,72.50074768066406
2026-02-06,277.364990234375,398.6111755371094,184.97714233398438,322.233154296875,319.3199462890625,55.63779830932617,915.3508911132812,272.95684814453125,236.19102478027344,1053.0924072265625,146.1187744140625,175.94679260253906,686.96923828125,72.51050567626953
2026-02-09,274.13079833984375,410.99261474609375,189.59634399414062,323.6903381347656,319.0228271484375,55.519691467285156,930.0064086914062,272.0195617675781,234.8623809814453,1039.6474609375,148.2362823486328,177.63954162597656,690.2816162109375,72.53003692626953
2026-02-10,273.19244384765625,410.6646423339844,188.09983825683594,317.9614562988281,315.2392883300781,54.51579284667969,935.2988891601562,269.5726623535156,234.57696533203125,1020.0718994140625,148.6088104248047,177.30874633789062,688.4613037109375,72.74494171142578
2026-02-11,275.00921630859375,401.8207702636719,189.6063232421875,310.35626220703125,307.8505554199219,53.00009536743164,930.96240234375,275.1866760253906,237.0472412109375,1010.3289794921875,152.500732421875,180.77206420898438,688.3021850585938,72.5984115600586
2026-02-12,261.2637939453125,399.3067626953125,186.5035858154297,308.40008544921875,299.7487487792969,51.69108963012695,891.5,280.57379150390625,240.6788330078125,1033.278076171875,147.9611358642578,177.4449462890625,677.668701171875,72.93054962158203
2026-02-13,255.32435607910156,398.7900085449219,182.3832244873047,305.12646484375,299.6595764160156,51.72061538696289,892.08154296875,289.2760314941406,239.5962371826172,1036.7271728515625,146.50057983398438,178.74855041503906,678.1461181640625,73.14544677734375
2026-02-17,263.4099426269531,394.3581237792969,184.53817749023438,301.4336242675781,304.1958312988281,51.907615661621094,902.82421875,285.23077392578125,239.47813415527344,1032.7896728515625,144.270263671875,177.36343383789062,679.2402954101562,73.13568115234375
2026-02-18,263.8791198730469,397.0808410644531,187.5411376953125,302.7410888671875,305.8300476074219,52.5178337097168,920.259033203125,284.3526916503906,241.1118621826172,1017.348388671875,148.7012939453125,180.6248321533203,682.662109375,73.05754089355469
2026-02-19,260.11578369140625,396.8517761230469,187.46133422851562,302.26202392578125,305.10699462890625,51.9371452331543,903.4254760742188,286.0595703125,243.00144958496094,1020.0,148.98748779296875,181.51876831054688,680.8616943359375,73.08683776855469
2026-02-20,264.1086730957031,395.6267395019531,189.3768768310547,314.36846923828125,307.82086181640625,52.22256851196289,908.934814453125,286.1286315917969,238.65142822265625,1006.3431396484375,145.345947265625,180.6837615966797,685.7855834960938,73.07706451416016
2026-02-23,265.705810546875,382.9182434082031,191.1028289794922,310.8852233886719,294.8262023925781,50.263973236083984,879.4365844726562,278.5708923339844,241.94839477539062,1055.2288818359375,148.78024291992188,181.64649963378906,678.7827758789062,73.23336791992188
2026-02-24,271.6552429199219,387.429931640625,192.39979553222656,310.29638671875,294.459716796875,49.61438751220703,889.2529296875,270.29290771484375,243.6699676513672,1038.8704833984375,147.29994201660156,182.0688934326172,683.7164916992188,73.19428253173828
2026-02-25,273.74151611328125,398.9831237792969,195.10345458984375,312.2925109863281,300.40240478515625,50.87418746948242,908.0872192382812,280.40606689453125,242.5717315673828,1025.5924072265625,147.10256958007812,180.96865844726562,689.4859008789062,73.17475891113281
2026-02-26,272.4637756347656,400.0986022949219,184.45835876464844,306.783203125,303.20538330078125,51.47456359863281,915.5972900390625,282.8332214355469,240.88975524902344,1018.8038330078125,146.5894012451172,180.90972900390625,685.6561889648438,73.28219604492188
2026-02-27,263.7093811035156,391.15484619140625,176.77635192871094,311.1547546386719,297.4310607910156,49.04354476928711,847.1689453125,289.3549499511719,245.79718017578125,1048.679443359375,150.4973907470703,183.46383666992188,682.3637084960938,73.4287338256836
2026-03-02,264.2484130859375,396.9413757324219,182.0540008544922,305.92486572265625,294.7172546386719,49.023860931396484,853.7377319335938,290.9928283691406,245.92579650878906,1014.7664794921875,152.19480895996094,186.25372314453125,682.7516479492188,73.13282012939453
2026-03-03,263.2801818847656,402.2996826171875,179.62965393066406,302.9906005859375,297.3914489746094,49.18133544921875,854.609619140625,285.34918212890625,244.13497924804688,1004.5587158203125,149.83619689941406,185.4383544921875,676.7337036132812,73.054443359375
2026-03-04,262.0523376464844,403.5645751953125,182.61268615722656,302.5414733886719,296.52978515625,49.506126403808594,859.2364501953125,288.06243896484375,242.7003631591797,1000.4118041992188,147.85260009765625,182.74671936035156,681.50830078125,73.00545501708984
2026-03-05,259.8263244628906,409.0224304199219,182.9119873046875,300.2958679199219,290.74554443359375,49.023860931396484,827.7401733398438,284.9150390625,237.0904541015625,980.165771484375,148.78024291992188,186.54840087890625,677.7084350585938,72.83887481689453
2026-03-06,257.0013427734375,407.30938720703125,177.40487670898438,297.9403991699219,286.7144470214844,48.1429557800293,813.8298950195312,282.6556396484375,237.85227966308594,987.2135009765625,149.22434997558594,186.5877227783203,668.8256225585938,72.74091339111328
2026-03-09,259.41705322265625,407.757568359375,182.2235870361328,305.98040771484375,287.1502685546875,47.410518646240234,824.3419189453125,283.550537109375,240.01905822753906,1005.2167358398438,148.46446228027344,186.09652709960938,674.6845092773438,72.94667053222656
2026-03-10,260.3653564453125,404.122314453125,184.33865356445312,306.65960693359375,285.97161865234375,48.06377410888672,826.1054077148438,280.736572265625,241.12721252441406,998.1987915039062,146.18479919433594,183.0021209716797,673.6002807617188,72.7213134765625
2026-03-11,260.3453674316406,403.245849609375,185.60574340820312,308.31756591796875,284.77313232421875,48.0241813659668,816.1482543945312,283.63006591796875,240.41482543945312,996.693603515625,149.5894775390625,188.40505981445312,672.7548217773438,72.39797973632812
2026-03-12,255.30438232421875,400.2380065917969,182.72235107421875,303.17388916015625,280.1874084472656,46.64838790893555,780.2431640625,275.47662353515625,239.47488403320312,974.1746215820312,151.5138702392578,193.49363708496094,662.5390625,72.13343048095703
2026-03-13,249.6744384765625,393.9534912109375,179.83892822265625,301.9054870605469,280.7321472167969,46.242576599121094,774.982177734375,280.4880065917969,238.9604034423828,981.9800415039062,154.06985473632812,193.34629821777344,658.7890014648438,72.0648422241211
2026-03-16,252.36964416503906,398.33575439453125,182.8021697998047,305.1814270019531,283.4261474609375,46.579105377197266,787.4261474609375,283.8686828613281,240.61270141601562,986.00732421875,155.165283203125,193.3659210205078,665.493408203125,72.33917999267578
2026-03-17,253.77711486816406,397.7979431152344,181.5150909423828,310.5347900390625,284.1492004394531,46.796852111816406,799.5827026367188,285.9368896484375,235.5865478515625,927.4222412109375,156.7245330810547,194.4759979248047,667.2440185546875,72.48616027832031
2026-03-18,249.49476623535156,390.20867919921875,179.98858642578125,307.30877685546875,284.9910583496094,46.3514518737793,798.0371704101562,282.71527099609375,234.7653350830078,915.1609497070312,155.5205535888672,195.1046905517578,657.9335327148438,72.19220733642578
2026-03-19,248.5165252685547,387.4498596191406,178.1527862548828,306.7494812011719,285.2188415527344,46.52960968017578,802.0200805664062,278.8473815917969,235.0819549560547,914.6127319335938,156.0830841064453,197.88473510742188,656.3121337890625,72.27059936523438
2026-03-20,247.54823303222656,380.3287048339844,172.30613708496094,300.6270751953125,283.8223571777344,46.678077697753906,806.0128173828125,274.0249328613281,232.87557983398438,903.8467407226562,157.5732421875,198.16961669921875,646.9034423828125,71.69251251220703
2026-03-23,251.04200744628906,381.4541931152344,175.23944091796875,301.685791015625,287.14031982421875,47.034400939941406,823.5888671875,268.00927734375,232.925048828125,907.6845092773438,159.0140838623047,201.5882110595703,653.6959228515625,71.96685028076172
2026-03-24,251.1917266845703,371.2355651855469,174.80044555664062,290.0801696777344,289.6065368652344,47.64806365966797,827.9977416992188,270.73370361328125,232.77664184570312,900.1782836914062,163.20826721191406,203.14031982421875,651.5015869140625,71.78069305419922
2026-03-25,252.16998291015625,369.5424499511719,178.2725067138672,290.5695495605469,292.59771728515625,48.2518310546875,834.061279296875,269.0135192871094,237.3872528076172,913.4264526367188,161.11610412597656,201.52926635742188,655.1322021484375,72.05503845214844
2026-03-26,252.43951416015625,364.4928894042969,170.8494873046875,280.57196044921875,288.8736267089844,47.74704360961914,815.0386352539062,266.5277404785156,236.70458984375,894.17724609375,163.25759887695312,204.12266540527344,643.432373046875,71.63372802734375
2026-03-27,248.35679626464844,355.3300476074219,167.13795471191406,274.0001220703125,280.13787841796875,46.49002456665039,795.4711303710938,257.54901123046875,237.90174865722656,875.4762573242188,168.74459838867188,207.42337036132812,632.4606323242188,71.63372802734375
2026-03-30,246.19065856933594,357.5111999511719,164.79331970214844,273.1611633300781,281.0589904785156,46.74736022949219,800.1375732421875,260.3033142089844,239.92013549804688,883.83984375,169.21829223632812,206.9911346435547,630.3460693359375,71.99625396728516
2026-03-31,253.337890625,368.67596435546875,174.0022735595703,287.2037353515625,291.3497314453125,48.2518310546875,838.1728515625,269.0533142089844,241.84947204589844,916.8756103515625,167.4320526123047,203.24838256835938,648.6688842773438,72.15301513671875
2026-04-01,255.17462158203125,367.8791809082031,175.3491973876953,297.0215759277344,292.5580749511719,48.766517639160156,852.261474609375,272.424072265625,241.53285217285156,951.5161743164062,158.66867065429688,193.92587280273438,653.5562744140625,72.18250274658203
2026-04-02,255.464111328125,371.9526672363281,176.98544311523438,295.403564453125,291.7855224609375,48.87539291381836,855.0653076171875,275.6854553222656,240.46429443359375,932.6358032226562,158.57984924316406,195.45834350585938,654.144775390625,72.3398208618164
2026-04-06,258.3988342285156,371.3750305175781,177.23487854003906,299.6183166503906,294.125,49.54844665527344,858.0474853515625,279.76214599609375,238.41622924804688,924.142578125,161.2246551513672,195.35028076171875,657.23681640625,72.23167419433594
2026-04-07,253.0484161376953,370.78741455078125,177.69383239746094,305.08154296875,296.0662536621094,49.766197204589844,856.1651000976562,305.982421875,235.8833770751953,928.1599731445312,161.757568359375,197.98297119140625,657.5260009765625,72.3398208618164
2026-04-08,258.43878173828125,372.8191223144531,181.66476440429688,316.9268798828125,306.5888366699219,51.349849700927734,897.3806762695312,304.2423400878906,238.7427520751953,950.300048828125,154.16854858398438,189.4856414794922,674.27294921875,72.47747039794922
2026-04-09,260.02593994140625,371.5642395019531,183.49058532714844,318.09539794921875,308.938232421875,52.171363830566406,895.369384765625,305.16705322265625,238.7526397705078,952.18408203125,153.0040283203125,187.00030517578125,678.162841796875,72.5069580078125
2026-04-10,260.0159912109375,369.37310791015625,188.1998291015625,316.8469543457031,308.4803161621094,52.00310134887695,899.4117431640625,302.6016845703125,235.93284606933594,936.5135498046875,150.50726318359375,185.2222442626953,677.7140502929688,72.3988037109375
2026-04-13,258.73828125,382.8186340332031,188.87826538085938,320.91192626953125,312.2732238769531,52.80482482910156,882.5588989257812,311.22247314453125,235.43814086914062,926.624755859375,150.63555908203125,188.39523315429688,684.3369750976562,72.55611419677734
2026-04-14,258.368896484375,391.5233459472656,196.0618438720703,332.49755859375,309.7247009277344,52.80482482910156,901.2247924804688,312.40570068359375,237.5554656982422,919.5969848632812,147.28021240234375,183.71923828125,692.675537109375,72.73307037353516
2026-04-15,265.95538330078125,409.5602722167969,198.41647338867188,336.70233154296875,304.5579833984375,53.76491165161133,891.178466796875,312.2664794921875,236.14060974121094,902.1820068359375,147.05322265625,181.64649963378906,698.1414184570312,72.63475799560547
2026-04-16,262.9307556152344,418.56378173828125,197.8976593017578,335.6036682128906,308.5599670410156,52.96318817138672,891.6837768554688,314.6031494140625,232.05438232421875,901.1452026367188,149.98422241210938,184.8292999267578,699.8569946289062,72.526611328125
2026-04-17,269.7486267089844,421.0835876464844,201.2200469970703,341.2566833496094,308.8984375,53.359100341796875,917.39404296875,322.78643798828125,231.6981964111328,924.1127319335938,144.51698303222656,180.7427215576172,708.3152465820312,72.81172180175781
2026-04-20,272.5635681152344,416.38262939453125,201.59918212890625,337.0019836425781,315.5683898925781,53.3986930847168,933.0381469726562,321.6429748535156,228.2451934814453,917.0051879882812,145.7406768798828,180.01577758789062,706.8988037109375,72.7625732421875
2026-04-21,265.69586181640625,422.4480285644531,199.42417907714844,331.8783264160156,311.5962829589844,52.93349838256836,917.9884643554688,344.0450134277344,223.76318359375,900.1782836914062,146.41177368164062,182.69760131835938,702.2708129882812,72.53644561767578
2026-04-22,272.68341064453125,431.1726989746094,202.03819274902344,338.8996276855469,311.6161804199219,52.577171325683594,926.201904296875,351.5123596191406,223.70384216308594,918.5801391601562,147.5367889404297,183.03160095214844,709.3825073242188,72.61509704589844
2026-04-23,272.9429016113281,414.0719909667969,199.18470764160156,338.47015380859375,310.29217529296875,51.93381881713867,922.694580078125,352.54644775390625,228.2056121826172,914.76220703125,148.5532684326172,184.2890167236328,706.6295776367188,72.4872817993164
2026-04-24,270.5771179199219,422.90618896484375,207.79502868652344,343.9732971191406,306.8974609375,51.51810836791992,918.3451538085938,352.9044189453125,225.0889892578125,881.1782836914062,146.9545440673828,181.9412078857422,712.10546875,72.61509704589844
2026-04-27,267.1332702636719,423.1053771972656,216.1160125732422,349.90594482421875,310.232421875,52.09218215942383,929.1444091796875,352.67572021484375,222.95188903808594,865.5376586914062,146.24398803710938,181.51876831054688,713.332275390625,72.49711608886719
2026-04-28,270.2277526855469,427.5174865722656,212.68385314941406,349.3466491699219,310.0532531738281,52.12187576293945,917.9884643554688,364.6871032714844,225.37591552734375,871.2495727539062,148.58287048339844,185.0355987548828,709.8612060546875,72.47747039794922
2026-04-29,269.688720703125,422.746826171875,208.77279663085938,349.5064697265625,307.86309814453125,52.339630126953125,897.2320556640625,368.6345520019531,224.94058227539062,848.5313110351562,152.63890075683594,188.8274688720703,709.7515258789062,72.15301513671875
2026-04-30,270.86663818359375,406.1341552734375,199.11488342285156,384.3232421875,311.82525634765625,52.913700103759766,915.2341918945312,368.37603759765625,227.41409301757812,931.6588745117188,152.30337524414062,189.89822387695312,716.8132934570312,72.26116943359375
2026-05-01,279.6409606933594,412.76727294921875,197.99742126464844,385.2121887207031,311.06866455078125,52.69594955444336,915.1747436523438,366.6856994628906,224.7822723388672,960.2984619140625,150.74412536621094,187.2655487060547,718.7982177734375,72.36177825927734
2026-05-04,276.33685302734375,411.9505615234375,198.02734375,382.7751770019531,306.270263671875,51.65667724609375,894.923583984375,368.6445007324219,221.82395935058594,964.884033203125,151.67176818847656,188.88641357421875,716.1649780273438,72.11518096923828
2026-05-05,283.67376708984375,409.7196044921875,196.05186462402344,387.9487609863281,308.0124206542969,52.577171325683594,910.3992309570312,361.8035583496094,223.15966796875,985.758056640625,152.84616088867188,189.24005126953125,721.9102172851562,72.24340057373047
2026-05-06,286.9978332519531,412.2891845703125,207.3560333251953,397.546875,313.4877624511719,53.052268981933594,928.6886596679688,365.1942138671875,222.23951721191406,983.9437866210938,146.73744201660156,181.89207458496094,731.9443359375,72.5491943359375
2026-05-07,286.9279479980469,419.07171630859375,211.01766967773438,397.4969177246094,304.8964538574219,52.21095657348633,917.3147583007812,367.6402282714844,220.15187072753906,971.8919067382812,144.65513610839844,179.27902221679688,729.7001342773438,72.36177825927734
2026-05-08,292.7974853515625,413.44451904296875,214.709228515625,400.3034362792969,300.74517822265625,50.78567123413086,927.8267211914062,377.8221130371094,218.9744873046875,945.4652709960938,142.67153930664062,178.41455078125,735.724609375,72.5491943359375
2026-05-11,292.42779541015625,410.99444580078125,218.93955993652344,388.15850830078125,298.6545715332031,50.0334358215332,936.1292724609375,382.25677490234375,219.08331298828125,963.9469604492188,147.71441650390625,181.4794921875,737.4002685546875,72.37163543701172
2026-05-12,294.54595947265625,406.1241760253906,220.27650451660156,386.8701171875,303.5126953125,50.261085510253906,937.1597290039062,394.138916015625,221.88331604003906,986.7549438476562,148.65196228027344,182.66812133789062,736.2831420898438,72.15462493896484
2026-05-13,298.6124572753906,403.57452392578125,225.3149871826172,402.1211853027344,298.9034729003906,49.330692291259766,946.5916748046875,398.8818054199219,227.97804260253906,1012.553466796875,149.57962036132812,182.71725463867188,740.4025268554688,72.1842269897461
2026-05-14,297.9530334472656,407.7774658203125,235.202392578125,400.5731201171875,298.56500244140625,49.3405876159668,960.0066528320312,396.82354736328125,228.35403442382812,1003.531982421875,150.77371215820312,183.345947265625,746.2474975585938,72.16450500488281
2026-05-15,299.9713134765625,420.2170715332031,224.80616760253906,396.2884216308594,296.4743957519531,49.261409759521484,939.7059326171875,391.61334228515625,224.307373046875,1003.4819946289062,156.90402221679688,187.72723388671875,737.2706298828125,71.75020599365234
2026-05-18,297.5833435058594,421.83056640625,221.81300354003906,396.4482421875,299.3813171386719,50.17200469970703,937.6154174804688,388.9087829589844,226.4939422607422,986.6761474609375,159.45748901367188,192.65863037109375,736.751953125,71.70088958740234
2026-05-19,298.7123718261719,415.7352600097656,220.1068878173828,387.1797180175781,294.3738708496094,50.18190383911133,920.158203125,387.02947998046875,227.56248474121094,1019.9484252929688,161.50424194335938,195.54345703125,731.8446044921875,71.46415710449219
2026-05-20,301.98956298828125,419.36053466796875,222.9603729248047,388.4281921386719,300.625732421875,50.706485748291016,973.0449829101562,381.12322998046875,226.88970947265625,1017.4120483398438,155.27456665039062,189.6746826171875,739.3452758789062,71.85871124267578
2026-05-21,304.7271728515625,418.3025207519531,219.0093994140625,387.1797180175781,301.6411437988281,50.96383285522461,979.0390625,380.3078918457031,229.27415466308594,1040.1595458984375,154.2909393310547,189.35743713378906,740.8114624023438,71.9376220703125
2026-05-22,308.55389404296875,417.7835388183594,214.83892822265625,382.49554443359375,305.0059814453125,51.27066421508789,987.5199584960938,386.2638854980469,231.85650634765625,1063.47607421875,153.92332458496094,189.7738037109375,743.7239990234375,72.00667572021484
2026-05-26,308.0643005371094,415.248291015625,214.37001037597656,388.398193359375,305.3643493652344,51.66657638549805,985.3303833007812,374.71978759765625,229.0503387451172,1063.2164306640625,148.84619140625,183.11195373535156,748.6613159179688,72.21381378173828
2026-05-27,310.5821533203125,411.8946228027344,212.1151580810547,388.3482360839844,297.93780517578125,50.577816009521484,987.2623291015625,381.8292236328125,230.15489196777344,1081.3704833984375,146.948486328125,180.82192993164062,748.5316162109375,72.28286743164062
2026-05-28,312.24072265625,426.18768310546875,213.76138305664062,389.64666748046875,295.3992614746094,50.251190185546875,999.0524291992188,380.35760498046875,229.66729736328125,1125.1876220703125,146.01454162597656,181.4464874267578,752.6609497070312,72.42095184326172
2026-05-29,311.7911071777344,449.3940124511719,210.6584930419922,379.8687744140625,297.9676818847656,51.07270431518555,1016.0836791992188,378.15020751953125,224.22413635253906,1103.4188232421875,144.32546997070312,180.8814239501953,754.5361328125,72.46041107177734
2026-06-01,306.0460510253906,459.6546936035156,223.8483428955078,375.9037170410156,295.2499084472656,50.98362731933594,1043.469482421875,377.7027587890625,222.41307067871094,1080.6513671875,148.41897583007812,184.22225952148438,756.5908203125,72.4277572631836
2026-06-02,314.92840576171875,440.48077392578125,222.3118438720703,361.4017028808594,299.6102600097656,51.9437141418457,1059.3914794921875,375.7738037109375,221.79611206054688,1062.6273193359375,148.59780883789062,185.92738342285156,757.6182250976562,72.44754791259766
2026-06-03,309.9926452636719,426.53704833984375,214.26025390625,358.54522705078125,299.50079345703125,51.864532470703125,1035.9462890625,374.8590087890625,222.1444091796875,1077.236328125,151.5487060546875,188.06869506835938,752.3018798828125,72.3089828491211
2026-06-04,310.9618225097656,427.2456970214844,218.4156036376953,371.7289123535156,309.4957580566406,53.6164436340332,1087.284912109375,394.21844482421875,227.05020141601562,1123.6597900390625,151.0618438720703,186.720458984375,755.1445922851562,72.40796661376953
2026-06-05,307.0751647949219,415.8870849609375,204.87075805664062,368.07342529296875,310.9691162109375,53.5567512512207,1033.6177978515625,397.201416015625,231.6276397705078,1129.801025390625,148.9554901123047,185.689453125,735.65478515625,72.08135223388672
2026-06-08,301.2801818847656,410.9663391113281,208.40679931640625,363.0766296386719,309.7147521972656,53.357765197753906,1039.906982421875,404.2610778808594,231.0206298828125,1147.505615234375,150.77371215820312,187.60276794433594,737.3204345703125,72.0615463256836
2026-06-09,290.29962158203125,402.6520080566406,207.95730590820312,364.0260314941406,311.2976379394531,54.14375305175781,1026.980224609375,410.6545715332031,235.8368682861328,1143.0421142578125,147.95199584960938,185.1442108154297,735.1560668945312,72.21990966796875
2026-06-10,291.3287353515625,396.61334228515625,200.19598388671875,356.1510925292969,307.75360107421875,54.263145446777344,996.409912109375,405.1460266113281,237.31956481933594,1134.743896484375,149.65098571777344,188.1579132080078,723.56591796875,72.16053009033203
2026-06-11,295.375244140625,389.6065673828125,204.64100646972656,357.5401611328125,312.0840759277344,54.87999725341797,1030.592529296875,403.2468566894531,237.16033935546875,1159.2886962890625,145.6568603515625,184.2123565673828,735.8642578125,72.57621002197266
2026-06-12,290.879150390625,390.00579833984375,204.96066284179688,359.4489440917969,319.28167724609375,55.735633850097656,1057.5704345703125,406.20001220703125,239.6878662109375,1131.3787841796875,146.064208984375,185.60023498535156,739.843994140625,72.48712921142578
2026-06-15,296.1645812988281,399.0088806152344,212.21253967285156,369.1127624511719,317.96759033203125,55.58639144897461,1070.925048828125,411.0400085449219,234.50344848632812,1127.7340087890625,140.01339721679688,178.8392333984375,752.890380859375,72.54651641845703
2026-06-16,298.9821472167969,393.0899963378906,207.1781768798828,373.01025390625,329.6549377441406,56.55147171020508,1085.3543701171875,407.6499938964844,234.02578735351562,1120.893798828125,140.9473419189453,178.55174255371094,748.4019775390625,72.6553955078125
2026-06-17,295.6949768066406,378.1980285644531,204.42124938964844,363.55633544921875,331.9645080566406,56.2430419921875,1093.7830810546875,399.5299987792969,233.0506134033203,1110.4088134765625,139.8345489501953,176.04364013671875,739.0560302734375,72.3881607055664
2026-06-18,297.7532043457031,378.6871032714844,210.4545135498047,367.7935791015625,323.761474609375,55.91471862792969,1091.2156982421875,400.9599914550781,227.2691192626953,1096.9979248046875,136.92340087890625,172.1278076171875,746.739990234375,72.58610534667969
2026-06-22,296.75408935546875,366.6497802734375,208.41677856445312,349.45538330078125,329.993408203125,57.07877731323242,1100.977783203125,406.67999267578125,230.15489196777344,1100.5029296875,137.57916259765625,173.54544067382812,744.3900146484375,72.3881607055664
2026-06-23,294.04638671875,373.23736572265625,199.81640625,345.90765380859375,332.6414794921875,57.61603927612305,1089.10595703125,409.25,237.9066619873047,1105.495849609375,138.83103942871094,174.4574737548828,733.5800170898438,72.46734619140625
2026-06-24,292.8274230957031,364.7733154296875,198.77757263183594,345.0682067871094,331.95458984375,57.43695068359375,1071.6614990234375,405.79998779296875,239.81723022460938,1115.6612548828125,136.01925659179688,169.9666748046875,733.239990234375,72.79395294189453
2026-06-25,274.91290283203125,352.1670227050781,195.52122497558594,343.48919677734375,333.6170654296875,57.894615173339844,1059.89892578125,415.5299987792969,243.67820739746094,1126.0762939453125,136.66506958007812,170.74984741210938,734.2999877929688,72.84342956542969
2026-06-26,283.53546142578125,372.2691955566406,192.31480407714844,337.17327880859375,327.57427978515625,57.5861930847168,1014.6406860351562,427.8900146484375,253.4102020263672,1206.3912353515625,135.66156005859375,169.58004760742188,728.989990234375,72.91271209716797
2026-06-29,281.4972229003906,367.8774719238281,194.7520751953125,353.4228210449219,327.91278076171875,57.5861930847168,1015.23779296875,419.82000732421875,257.2413024902344,1228.170166015625,135.18466186523438,167.012451171875,741.0,72.95230102539062
2026-06-30,289.11065673828125,372.319091796875,199.86634826660156,357.14044189453125,325.86199951171875,56.690757751464844,1006.4408569335938,415.6300048828125,252.7235870361328,1197.7137451171875,135.8404083251953,164.32589721679688,746.77001953125,72.6553955078125
2026-07-01,294.1263427734375,383.5579528808594,197.35916137695312,360.97796630859375,332.5718078613281,58.06375503540039,1014.6406860351562,426.5400085449219,252.73353576660156,1190.03466796875,135.4032440185547,164.25650024414062,745.760009765625,72.55012512207031
2026-07-02,308.3640441894531,389.7562561035156,194.61224365234375,359.6788024902344,332.9700012207031,58.43187713623047,1016.02392578125,425.3599853515625,261.74908447265625,1212.1729736328125,136.20802307128906,167.7361297607422,744.780029296875,72.59978485107422
2026-07-06,312.3905944824219,386.0133056640625,195.33143615722656,366.2245788574219,337.7200012207031,59.59593963623047,1050.1468505859375,417.989990234375,258.0572509765625,1198.3428955078125,135.5622100830078,166.64566040039062,751.280029296875,72.62957000732422
2026-07-07,310.3923034667969,388.109375,196.7098846435547,366.7942199707031,339.2200012207031,59.5561408996582,1037.896728515625,428.19000244140625,265.9284362792969,1233.7921142578125,140.7784423828125,172.5045166015625,747.7100219726562,72.34159088134766
2026-07-08,313.1199645996094,382.6197204589844,203.891845703125,361.6875305175781,330.6199951171875,58.004058837890625,1024.621826171875,425.6000061035156,262.1072998046875,1214.0902099609375,140.2220458984375,174.44757080078125,745.4000244140625,72.19264221191406
2026-07-09,315.947509765625,383.6377868652344,202.5533447265625,358.65948486328125,335.4700012207031,58.94923782348633,1050.823486328125,431.67999267578125,257.8283996582031,1215.2086181640625,136.57565307617188,172.54417419433594,751.7100219726562,72.32173156738281
2026-07-10,315.0483093261719,384.37640380859375,210.72421264648438,356.9505615234375,336.4700012207031,59.367103576660156,1050.037353515625,424.6199951171875,255.7188262939453,1186.879150390625,137.9865264892578,174.87384033203125,754.9500122070312,72.26215362548828
2026-07-13,317.03656005859375,390.2553405761719,203.30250549316406,352.2835693359375,334.5299987792969,59.197967529296875,1040.8125,429.0899963378906,256.5049133300781,1180.1788330078125,143.58029174804688,180.6236572265625,749.1699829101562,71.9940414428711
2026-07-14,314.58868408203125,384.20672607421875,211.5632781982422,359.2790832519531,342.8900146484375,60.31228256225586,1134.4439697265625,425.19000244140625,252.60418701171875,1150.890869140625,144.15655517578125,180.18746948242188,751.8300170898438,72.19264221191406
2026-07-15,327.2178039550781,394.8866271972656,212.26248168945312,370.6817626953125,346.9100036621094,61.27735900878906,1146.455078125,418.5199890136719,245.8076934814453,1154.9749755859375,143.58029174804688,180.02886962890625,754.8099975585938,72.31180572509766
2026-07-16,332.97283935546875,400.3463439941406,207.16818237304688,354.2322998046875,343.1499938964844,61.1778678894043,1090.1209716796875,423.3800048828125,248.7432098388672,1167.4970703125,145.0110321044922,182.26930236816406,750.719970703125,72.30186462402344
2026-07-17,333.452392578125,393.08001708984375,202.58331298828125,346.5472412109375,341.1000061035156,60.958984375,1060.0283203125,426.0899963378906,251.7981414794922,1177.4227294921875,146.41195678710938,185.75885009765625,743.2899780273438,72.35152435302734
2026-07-20,326.3085632324219,401.53411865234375,203.05279541015625,351.7638854980469,338.8699951171875,60.11329650878906,1049.8880615234375,421.54998779296875,247.59886169433594,1145.2589111328125,147.40553283691406,188.06869506835938,742.0900268554688,72.17278289794922
2026-07-21,327.45758056640625,397.00262451171875,207.0583038330078,346.927001953125,345.2300109863281,60.909236907958984,1080.269287109375,436.3500061035156,249.3800811767578,1173.7281494140625,150.73397827148438,189.41693115234375,748.280029296875,72.0138931274414
2026-07-22,325.60919189453125,389.6065673828125,211.82298278808594,341.8702392578125,348.2099914550781,61.30720520019531,1092.84765625,431.30999755859375,254.3754425048828,1161.3458251953125,153.4563446044922,191.31039428710938,747.4099731445312,71.89473724365234
2026-07-23,321.3828430175781,380.8630065917969,208.5266571044922,317.4859313964844,349.8999938964844,60.968929290771484,1069.4820556640625,423.55999755859375,257.99755859375,1184.173095703125,155.88064575195312,192.73794555664062,738.1799926757812,71.74578094482422
2026-07-24,332.7330322265625,380.9828186035156,206.6088104248047,319.53460693359375,353.2099914550781,61.735023498535156,1056.057861328125,420.739990234375,262.1072998046875,1194.318603515625,155.93032836914062,193.104736328125,738.9299926757812,71.80535888671875
2026-07-27,336.61968994140625,388.368896484375,196.2903594970703,326.3502197265625,356.20001220703125,61.81461715698242,1043.1212158203125,417.6400146484375,264.6448059082031,1195.81640625,153.7742919921875,188.35618591308594,739.0900268554688,71.95431518554688
2026-07-28,339.78692626953125,392.61090087890625,196.789794921875,333.4956359863281,357.30999755859375,62.302127838134766,1028.3037109375,428.7900085449219,265.42095947265625,1218.913330078125,152.055419921875,185.95712280273438,740.8599853515625,72.133056640625
2026-07-29,337.8985900878906,389.8061828613281,189.79762268066406,336.49371337890625,344.7099914550781,60.7599983215332,975.9700927734375,420.57000732421875,264.2268371582031,1208.28857421875,155.74154663085938,190.20008850097656,729.4600219726562,71.87487030029297
2026-07-30,333.1426696777344,450.2524108886719,194.82199096679688,333.4456787109375,350.8500061035156,61.416648864746094,1019.8650512695312,421.4700012207031,254.56451416015625,1153.3172607421875,155.96014404296875,190.6461944580078,741.6900024414062,71.91458892822266
2026-07-31,308.6438293457031,463.8468017578125,200.52561950683594,355.9012451171875,351.7900085449219,61.63553237915039,1013.4166870117188,414.3999938964844,255.09190368652344,1147.196044921875,154.4399871826172,195.12709045410156,747.030029296875,71.7259292602539
2026-08-03,303.1585693359375,486.73370361328125,206.40904235839844,373.27008056640625,352.6400146484375,62.162841796875,1022.054443359375,415.3599853515625,253.1614227294922,1119.75537109375,154.0624237060547,191.5086669921875,757.6699829101562,71.8973159790039
2026-08-04,309.1134033203125,491.884033203125,211.70310974121094,377.40740966796875,357.5199890136719,62.580711364746094,1047.8480224609375,407.54998779296875,253.67886352539062,1114.0836181640625,152.96951293945312,188.75271606445312,771.3300170898438,72.1863021850586
2026-08-05,310.7320251464844,486.5440673828125,218.9749755859375,362.1971740722656,359.239990234375,62.928932189941406,1055.2119140625,412.75,256.3258056640625,1168.18603515625,150.6544952392578,184.7972412109375,769.7899780273438,72.20623016357422
2026-08-06,312.14080810546875,498.9207458496094,218.7452392578125,357.52020263671875,356.29998779296875,62.68020248413086,1027.54736328125,403.9700012207031,255.7188262939453,1190.234375,153.84384155273438,187.59283447265625,768.5599975585938,71.99696350097656
2026-08-07,313.05999755859375,499.0505065917969,223.70968627929688,354.0723876953125,357.5199890136719,62.849334716796875,1034.543212890625,407.0799865722656,257.96771240234375,1184.0133056640625,152.055419921875,184.94593811035156,773.260009765625,72.14644622802734
2026-08-10,308.260009765625,505.109130859375,217.3068389892578,357.29034423828125,359.7900085449219,63.53583526611328,1029.468017578125,408.739990234375,260.5251159667969,1230.1771240234375,158.76199340820312,193.2237091064453,773.030029296875,71.8973159790039
2026-08-11,304.9100036621094,502.86334228515625,217.25689697265625,343.5791320800781,362.0400085449219,63.67512512207031,1029.3685302734375,402.19000244140625,258.52496337890625,1213.2813720703125,158.7719268798828,194.9585723876953,770.5599975585938,71.95710754394531
2026-08-12,302.25,491.5047302246094,223.8395233154297,343.3193359375,365.17999267578125,64.48101043701172,1032.1549072265625,405.5899963378906,259.5797424316406,1218.533935546875,158.7222442626953,194.8990936279297,772.489990234375,72.02686309814453
2026-08-13,305.260009765625,495.9463806152344,225.04818725585938,346.13751220703125,363.1099853515625,63.76466369628906,1037.5484619140625,399.05999755859375,260.79376220703125,1207.27001953125,157.58958435058594,195.98956298828125,777.8800048828125,72.22616577148438
2026-08-14,305.92999267578125,494.4691467285156,224.90834045410156,345.67779541015625,362.8399963378906,64.16263580322266,1034.3541259765625,401.7300109863281,259.072265625,1180.1600341796875,159.07000732421875,198.26966857910156,776.3400268554688,72.05675506591797
2026-08-17,305.5899963378906,479.44744873046875,224.7584991455078,343.7790222167969,360.9599914550781,63.56568145751953,1046.186279296875,395.6199951171875,261.0823669433594,1183.1600341796875,161.4600067138672,200.94630432128906,772.6699829101562,71.90728759765625
2026-08-18,310.0299987792969,480.72503662109375,219.49440002441406,343.9789123535156,363.25,63.903961181640625,1035.39892578125,393.92999267578125,269.7794494628906,1225.72998046875,165.55999755859375,203.9600067138672,767.4500122070312,71.96707153320312
2026-08-19,316.8299865722656,483.3999938964844,217.31683349609375,344.4985656738281,357.260009765625,62.849334716796875,1016.6707763671875,388.6099853515625,272.06817626953125,1280.3399658203125,164.77000427246094,205.75999450683594,769.0599975585938,72.30587768554688
2026-08-20,311.29998779296875,481.1499938964844,216.60763549804688,340.451171875,351.54998779296875,61.545989990234375,997.0667724609375,384.8500061035156,266.0578308105469,1244.4000244140625,166.14999389648438,205.77000427246094,762.5999755859375,72.0866470336914
2026-08-21,309.3500061035156,483.239990234375,214.48001098632812,344.5985107421875,351.5799865722656,61.37685012817383,1034.21484375,390.1099853515625,268.9137268066406,1255.4000244140625,165.11000061035156,205.27000427246094,765.719970703125,71.97704315185547
2026-08-24,310.3399963378906,487.30999755859375,208.24697875976562,347.83642578125,356.3900146484375,62.01360321044922,1031.2294921875,398.760009765625,271.70001220703125,1246.9300537109375,164.0500030517578,203.08999633789062,763.469970703125,72.11654663085938
2026-08-25,309.8999938964844,491.7099914550781,212.81187438964844,346.73712158203125,356.69000244140625,62.113094329833984,1053.71923828125,396.5899963378906,273.1400146484375,1233.6600341796875,160.63999938964844,199.88999938964844,765.9099731445312,72.41549682617188
2026-08-26,313.45001220703125,496.3699951171875,209.4256591796875,341.7803039550781,356.5,61.91410827636719,1035.3890380859375,401.010009765625,270.0,1189.4100341796875,158.19000244140625,200.2100067138672,766.0800170898438,72.32581329345703
2026-08-27,314.5799865722656,505.05999755859375,227.7251739501953,340.4311828613281,354.2200012207031,60.85948944091797,1035.7969970703125,395.04998779296875,265.7699890136719,1176.0999755859375,156.44000244140625,199.77000427246094,771.0999755859375,72.28594970703125
2026-08-28,319.70001220703125,513.530029296875,217.3068389892578,346.36737060546875,357.6199951171875,62.00365447998047,1028.9505615234375,392.95001220703125,268.0400085449219,1174.6099853515625,156.7100067138672,201.86000061035156,769.3499755859375,72.05675506591797
2026-08-31,316.8500061035156,507.2900085449219,220.53323364257812,339.13201904296875,356.0199890136719,61.625579833984375,1020.9000244140625,389.4100036621094,265.8500061035156,1156.72998046875,160.9499969482422,206.13999938964844,767.0499877929688,71.98699951171875
2026-09-01,325.1300048828125,501.0199890136719,217.1969757080078,334.8047790527344,354.95001220703125,61.675331115722656,1002.5599975585938,396.29998779296875,271.19000244140625,1160.0,164.5500030517578,211.0500030517578,761.780029296875,71.79000091552734
2026-09-02,324.9599914550781,496.82000732421875,224.1591796875,336.9034423828125,356.2200012207031,62.282230377197266,1004.4199829101562,399.6600036621094,275.2099914550781,1160.0799560546875,164.14999389648438,211.77999877929688,765.1599731445312,71.83000183105469
2026-09-03,328.2099914550781,510.1199951171875,228.1946563720703,342.260009765625,362.05999755859375,62.71999740600586,1037.9300537109375,400.94000244140625,278.42999267578125,1159.5999755859375,162.2100067138672,211.32000732421875,773.1699829101562,71.93000030517578
2026-09-04,319.9700012207031,499.70001220703125,230.10252380371094,338.4599914550781,358.6400146484375,62.68000030517578,1038.6099853515625,397.1400146484375,275.2300109863281,1149.3599853515625,159.47000122070312,208.60000610351562,770.1900024414062,71.94999694824219
2026-09-08,316.2200012207031,493.95001220703125,225.47769165039062,338.3599853515625,353.510009765625,62.38999938964844,1036.530029296875,400.8399963378906,269.1199951171875,1123.9100341796875,160.66000366210938,209.8000030517578,765.9600219726562,71.88999938964844
2026-09-09,315.3399963378906,491.6499938964844,223.4199981689453,330.6499938964844,354.7099914550781,62.66999816894531,1028.780029296875,393.05999755859375,267.0799865722656,1124.2099609375,164.22999572753906,213.80999755859375,762.4000244140625,71.7300033569336
2026-09-10,326.57000732421875,492.44000244140625,218.36000061035156,332.6000061035156,353.55999755859375,62.560001373291016,1019.77001953125,388.2799987792969,266.3500061035156,1123.0,165.22999572753906,212.75999450683594,757.8300170898438,71.2699966430664
2026-09-11,332.2699890136719,495.6300048828125,218.2899932861328,338.5,356.2300109863281,62.689998626708984,1029.1800537109375,379.0899963378906,265.5799865722656,1115.699951171875,165.99000549316406,214.05999755859375,764.2899780273438,71.22000122070312
